,NP15,SP15,PVP,PG&E,SCCG,SCEB,HenryHub,NatGasFut1
01-01-2014,0,0,0,0,0,0,0,0
02-01-2014,0,0,47.95,0,0,0,4.32,4.321
03-01-2014,54.81,0,43.44,0,0,0,4.39,4.304
04-01-2014,49.25,0,41.68,5.01,4.76,4.58,4.35,3.13
05-01-2014,62.06,60.84,43.05,5.27,5.08,4.93,4.35,3.13
06-01-2014,0,0,0,0,0,0,4.5,4.306
07-01-2014,60.92,59.75,57.38,5.03,4.94,4.81,4.58,4.299
08-01-2014,0,0,0,4.49,4.48,4.33,4.36,4.216
09-01-2014,0,0,0,0,0,0,4.15,4.005
10-01-2014,49.16,51.11,40.83,4.58,4.45,4.26,3.95,4.053
11-01-2014,0,41,33.77,0,0,0,3.13,3.13
12-01-2014,0,0,0,4.66,4.59,4.42,3.13,3.13
13-01-2014,0,0,37.52,0,0,0,4.19,4.274
14-01-2014,47.38,0,39.07,0,0,0,4.36,4.369
15-01-2014,46.88,0,38.05,0,0,0,4.45,4.325
16-01-2014,0,0,0,0,0,0,4.55,4.382
17-01-2014,47.54,0,39.85,0,0,0,4.39,4.326
18-01-2014,0,0,38.9,0,0,0,3.13,3.13
19-01-2014,0,0,0,0,0,0,3.13,3.13
20-01-2014,0,0,0,0,0,0,3.13,4.326
21-01-2014,0,0,38.95,0,0,0,4.61,4.431
22-01-2014,50.44,0,37.26,0,0,0,4.92,4.689
23-01-2014,52.5,0,38.25,0,0,0,5.64,4.73
24-01-2014,0,0,0,0,0,0,5.17,5.182
25-01-2014,51.98,0,39.5,0,0,0,3.13,3.13
26-01-2014,0,0,0,0,0,0,3.13,3.13
27-01-2014,0,0,44.27,0,0,0,5.66,4.847
28-01-2014,0,0,46.08,0,0,0,5.25,5.033
29-01-2014,50.08,0,42.34,0,0,0,5.23,5.557
30-01-2014,0,0,0,0,0,0,5.27,5.011
31-01-2014,51,0,42.29,0,0,0,5.04,4.943
01-02-2014,0,0,0,0,0,0,3.13,3.13
02-02-2014,0,0,0,0,0,0,3.13,3.13
03-02-2014,0,0,0,0,0,0,5.04,4.905
04-02-2014,48.29,0,39.86,4.98,4.7,4.55,5.78,5.375
05-02-2014,0,0,0,5.3,5.12,4.95,8.12,5.03
06-02-2014,0,52.09,44.18,5,4.8,4.62,6.9,4.931
07-02-2014,0,0,0,5.03,4.96,4.81,5.92,4.775
08-02-2014,58.1,54.17,47.26,0,0,0,3.13,3.13
09-02-2014,0,51.8,45.46,4.55,4.35,4.18,3.13,3.13
10-02-2014,50.5,54.04,40.87,4.58,4.42,4.24,8.15,4.579
11-02-2014,0,0,0,0,0,0,7.75,4.824
12-02-2014,50,50.55,33.65,4.27,4.26,4.02,5.96,4.822
13-02-2014,0,0,0,0,0,0,5.34,5.223
14-02-2014,58.95,0,50.62,0,0,0,5.54,5.214
15-02-2014,51.52,0,45.67,0,0,0,3.13,3.13
16-02-2014,0,0,0,0,0,0,3.13,3.13
17-02-2014,0,0,0,0,0,0,3.13,5.214
18-02-2014,57,0,49.08,0,0,0,5.8,5.551
19-02-2014,55.75,0,46.01,0,0,0,6,6.149
20-02-2014,56.62,0,45.88,0,0,0,5.96,6.064
21-02-2014,0,0,0,0,0,0,6.24,6.135
22-02-2014,60.69,0,47.56,0,0,0,3.13,3.13
23-02-2014,0,0,0,0,0,0,3.13,3.13
24-02-2014,73.22,0,56.83,0,0,0,6.08,5.445
25-02-2014,73.72,0,61.77,0,0,0,5.21,5.096
26-02-2014,57.63,0,46.01,0,0,0,4.81,4.855
27-02-2014,0,0,0,0,0,0,4.61,4.511
28-02-2014,56.38,0,43.23,0,0,0,4.8,4.609
01-03-2014,0,0,0,0,0,0,3.13,3.13
02-03-2014,57,0,48.18,0,0,0,3.13,3.13
03-03-2014,61.13,0,47.38,0,0,0,7.09,4.492
04-03-2014,48.99,0,39.26,4.95,4.71,4.51,7.98,4.667
05-03-2014,53.29,50.51,41.39,0,0,0,6.46,4.523
06-03-2014,0,51.3,44.14,5.12,5,4.85,4.89,4.662
07-03-2014,56,53.85,49.96,5,4.93,4.77,4.78,4.618
08-03-2014,0,0,0,0,0,0,3.13,3.13
09-03-2014,48.43,49.12,41.29,4.47,4.36,4.2,3.13,3.13
10-03-2014,0,0,0,4.45,4.36,4.17,4.67,4.651
11-03-2014,0,48.3,34.94,4.26,3.92,3.72,4.67,4.605
12-03-2014,50.5,50,35.55,4.17,4.15,4,4.72,4.49
13-03-2014,48,0,38.99,0,0,0,4.41,4.383
14-03-2014,0,0,0,0,0,0,4.4,4.425
15-03-2014,45.95,0,37.9,0,0,0,3.13,3.13
16-03-2014,0,0,0,0,0,0,3.13,3.13
17-03-2014,45.59,0,39.35,0,0,0,4.57,4.536
18-03-2014,51.78,0,40.77,5.03,4.83,4.65,4.42,4.456
19-03-2014,48,0,40.39,4.9,4.75,4.58,4.43,4.484
20-03-2014,50,0,41.79,4.89,4.81,4.68,4.39,4.369
21-03-2014,0,0,0,4.88,4.83,4.6,4.33,4.313
22-03-2014,48.88,0,39.46,0,0,0,3.13,3.13
23-03-2014,0,0,0,0,0,0,3.13,3.13
24-03-2014,50,0,39.27,4.82,4.85,4.62,4.42,4.276
25-03-2014,49.56,0,37.83,4.86,4.9,4.73,4.53,4.411
26-03-2014,49.26,0,40.14,5.05,4.97,4.83,4.44,4.402
27-03-2014,47.7,0,40.46,4.94,4.89,4.73,4.39,4.584
28-03-2014,0,0,0,4.92,4.79,4.62,4.5,4.485
29-03-2014,46.65,0,39.93,0,0,0,3.13,3.13
30-03-2014,0,0,0,0,0,0,3.13,3.13
31-03-2014,50.8,0,41.8,4.98,4.8,4.62,4.48,4.371
01-04-2014,0,0,38.95,0,0,0,4.39,4.276
02-04-2014,0,0,50.93,0,0,0,4.39,4.364
03-04-2014,74,0,64.73,0,0,0,4.51,4.47
04-04-2014,0,0,0,5.03,4.79,4.64,4.49,4.439
05-04-2014,0,0,0,0,0,0,3.13,3.13
06-04-2014,51.98,54.53,46.27,5.21,5.13,4.98,3.13,3.13
07-04-2014,0,0,0,0,0,0,4.58,4.476
08-04-2014,0,56.28,47.5,4.5,4.46,4.3,4.57,4.534
09-04-2014,49.98,49.23,40.22,4.38,4.33,4.17,4.67,4.586
10-04-2014,51.01,54.3,40.16,0,0,0,4.67,4.655
11-04-2014,0,51,36.5,4.34,3.86,3.63,4.67,4.62
12-04-2014,0,45.53,34.36,4.06,4.05,3.87,3.13,3.13
13-04-2014,0,0,0,0,0,0,3.13,3.13
14-04-2014,0,0,42.84,5.15,4.89,4.72,4.64,4.56
15-04-2014,54.69,54.42,40.09,5.07,4.87,4.71,4.69,4.567
16-04-2014,0,0,0,5.11,4.92,4.76,4.64,4.53
17-04-2014,0,50.14,39.92,5.09,4.89,4.73,4.64,4.741
18-04-2014,0,0,0,0,0,0,3.13,3.13
19-04-2014,48.06,46.92,37.74,0,0,0,3.13,3.13
20-04-2014,0,0,0,0,0,0,3.13,3.13
21-04-2014,52.68,51.72,41.24,5,4.71,4.56,4.76,4.697
22-04-2014,53.6,47.34,41.16,5.22,4.99,4.83,4.76,4.739
23-04-2014,0,46.75,42.31,5.14,4.96,4.8,4.81,4.73
24-04-2014,50.83,49.04,41.15,5.2,5.01,4.86,4.81,4.705
25-04-2014,0,0,0,5.29,5.07,4.9,4.83,4.647
26-04-2014,48.53,46.38,39.07,0,0,0,3.13,3.13
27-04-2014,0,0,0,0,0,0,3.13,3.13
28-04-2014,55.54,52.61,41.57,5.1,4.85,4.68,4.72,4.795
29-04-2014,55.96,55.01,39.54,5.23,5,4.84,4.78,4.831
30-04-2014,59.34,56.63,41.5,5.24,5.05,4.89,4.79,4.815
01-05-2014,0,0,0,0,0,0,4.79,4.719
02-05-2014,86.62,0,74.51,0,0,0,4.73,4.674
03-05-2014,66,0,59.99,0,0,0,3.13,3.13
04-05-2014,47.98,0,40.01,0,0,0,3.13,3.13
05-05-2014,0,46.23,42.29,5.17,4.88,4.74,4.73,4.688
06-05-2014,52,52.74,46.33,5.17,5.07,4.91,4.8,4.799
07-05-2014,47.25,0,41.9,0,0,0,4.82,4.74
08-05-2014,51,50.19,40.97,4.48,4.45,4.32,4.77,4.572
09-05-2014,0,0,0,4.34,4.35,4.19,4.59,4.531
10-05-2014,0,0,0,0,0,0,3.13,3.13
11-05-2014,54.42,54.26,38.43,4.41,3.98,3.53,3.13,3.13
12-05-2014,0,0,0,3.99,3.88,3.6,4.52,4.434
13-05-2014,60.25,62.76,46.84,5.08,4.97,4.82,4.47,4.358
14-05-2014,64.93,64.95,48.34,5,4.86,4.72,4.47,4.367
15-05-2014,67.55,69.36,45.76,4.95,4.87,4.72,4.42,4.469
16-05-2014,0,0,0,4.91,4.85,4.68,4.42,4.413
17-05-2014,53.88,54.83,44.59,0,0,0,3.13,3.13
18-05-2014,0,0,0,0,0,0,3.13,3.13
19-05-2014,0,47.27,43.75,4.94,4.75,4.6,4.54,4.47
20-05-2014,46.8,46.83,39.52,4.97,4.83,4.67,4.53,4.552
21-05-2014,48.64,47.25,40.17,4.98,4.84,4.67,4.57,4.473
22-05-2014,0,0,0,4.97,4.86,4.74,4.57,4.359
23-05-2014,49.73,47.77,39.28,4.93,4.79,4.62,4.4,4.405
24-05-2014,48.25,46.05,38.7,0,0,0,3.13,3.13
25-05-2014,0,0,0,0,0,0,3.13,3.13
26-05-2014,0,0,0,0,0,0,4.4,3.13
27-05-2014,0,51.96,44.53,4.83,4.63,4.42,4.4,4.505
28-05-2014,0,47.22,43.16,4.91,4.83,4.7,4.56,4.619
29-05-2014,49.45,50.68,42.85,5.03,4.94,4.79,4.63,4.559
30-05-2014,0,0,0,0,0,0,4.49,4.542
31-05-2014,48.13,48.82,43.67,5.1,4.97,4.81,3.13,3.13
01-06-2014,47.96,0,42.01,0,0,0,3.13,3.13
02-06-2014,193,0,171.33,0,0,0,4.49,4.612
03-06-2014,51.75,0,43.97,0,0,0,4.62,4.629
04-06-2014,0,0,0,0,0,0,4.62,4.64
05-06-2014,50,47.75,40.25,5.23,5.02,4.87,4.66,4.701
06-06-2014,0,0,0,5.2,5.12,4.96,4.66,4.71
07-06-2014,0,0,0,0,0,0,3.13,3.13
08-06-2014,50.23,47.45,40.18,4.51,4.45,4.31,3.13,3.13
09-06-2014,48.75,49.77,38.73,0,0,0,4.67,4.645
10-06-2014,56.08,56.52,41.48,4.41,4.26,4.1,4.67,4.53
11-06-2014,0,53.55,39.93,4.53,4.03,3.86,4.51,4.508
12-06-2014,41.75,43.98,31.63,0,0,0,4.51,4.762
13-06-2014,0,0,0,5.06,4.94,4.76,4.7,4.739
14-06-2014,47.72,45.93,43.49,0,0,0,3.13,3.13
15-06-2014,0,0,0,0,0,0,3.13,3.13
16-06-2014,52.02,51.61,45.31,5.21,4.94,4.77,4.71,4.707
17-06-2014,47.54,47.45,41.05,5.2,5.05,4.89,4.68,4.709
18-06-2014,49.12,48.53,41.52,5.17,4.95,4.77,4.68,4.659
19-06-2014,50.66,49.71,42.08,5.21,4.99,4.81,4.67,3.13
20-06-2014,0,0,0,5.18,4.99,4.84,4.53,4.531
21-06-2014,51,51.32,44.12,0,0,0,3.13,3.13
22-06-2014,0,0,0,0,0,0,3.13,3.13
23-06-2014,52,54.54,47.49,5.06,4.84,4.65,4.53,4.446
24-06-2014,48.93,51.17,46.1,5.05,4.89,4.74,4.49,4.535
25-06-2014,47.54,50.13,43.8,5.08,4.95,4.79,4.58,4.553
26-06-2014,47.15,48.23,45.31,5.13,4.97,4.83,4.58,4.4
27-06-2014,0,47,45.54,5.1,4.95,4.8,4.39,4.409
28-06-2014,0,0,0,0,0,0,3.13,3.13
29-06-2014,0,0,0,0,0,0,3.13,3.13
30-06-2014,56.9,54.77,47,4.9,4.67,4.52,4.39,4.461
01-07-2014,50.81,0,46.19,0,0,0,4.47,4.455
02-07-2014,0,0,0,0,0,0,4.47,4.357
03-07-2014,0,0,0,0,0,0,4.31,4.406
04-07-2014,54.47,0,40.12,5,4.74,4.57,3.13,3.13
05-07-2014,52.27,51.78,40.18,5.24,5.05,4.88,3.13,3.13
06-07-2014,0,50.88,46.31,0,0,0,3.13,3.13
07-07-2014,59.75,60.21,53.58,4.89,4.65,4.5,4.31,4.225
08-07-2014,51.85,48.62,39.86,4.54,4.45,4.29,4.18,4.204
09-07-2014,0,0,0,0,0,0,4.17,4.17
10-07-2014,54.2,53.28,38.1,4.38,4.22,4.04,4.15,4.12
11-07-2014,0,0,0,4.51,4.08,3.91,4.13,4.146
12-07-2014,0,0,0,0,0,0,3.13,3.13
13-07-2014,0,0,0,0,0,0,3.13,3.13
14-07-2014,63.11,64.75,58.96,4.74,4.58,4.45,4.13,4.147
15-07-2014,57,57.25,52.16,4.82,4.77,4.57,4.13,4.097
16-07-2014,49.62,51.83,46.57,4.82,4.76,4.6,4.16,4.119
17-07-2014,47.09,47.53,40.48,4.79,4.72,4.56,4.04,3.954
18-07-2014,0,0,0,4.65,4.47,4.26,4.08,3.951
19-07-2014,45.53,44.21,40.33,0,0,0,3.13,3.13
20-07-2014,0,0,0,0,0,0,3.13,3.13
21-07-2014,49,49.69,41.7,4.55,4.34,4.17,3.87,3.849
22-07-2014,50.4,50.06,42.57,4.55,4.48,4.35,3.81,3.772
23-07-2014,0,53.01,43.74,4.52,4.52,4.35,3.83,3.762
24-07-2014,52,55.16,43.46,4.49,4.53,4.37,3.83,3.847
25-07-2014,0,0,0,4.48,4.47,4.32,3.86,3.781
26-07-2014,50.7,52.75,44.39,0,0,0,3.13,3.13
27-07-2014,0,0,0,0,0,0,3.13,3.13
28-07-2014,0,56.63,46.74,4.46,4.43,4.28,3.84,3.747
29-07-2014,0,54.15,44.23,4.52,4.5,4.35,3.79,3.808
30-07-2014,0,53.59,42.79,4.47,4.47,4.29,3.78,3.786
31-07-2014,0,55.59,47.55,4.47,4.46,4.31,3.78,3.841
01-08-2014,49.5,0,44.69,0,0,0,3.77,3.798
02-08-2014,108.15,0,107.38,0,0,0,3.13,3.13
03-08-2014,48.93,0,40.07,0,0,0,3.13,3.13
04-08-2014,60.39,0,42.36,5.06,4.85,4.68,3.87,3.834
05-08-2014,51.92,54.41,38.87,5.25,5.05,4.89,3.87,3.897
06-08-2014,0,0,0,0,0,0,3.92,3.933
07-08-2014,55.5,55.91,45.55,4.89,4.8,4.65,3.99,3.876
08-08-2014,0,0,0,4.57,4.46,4.32,3.94,3.962
09-08-2014,50,50.98,38.39,4.32,4.22,4.07,3.13,3.13
10-08-2014,52.85,51.85,35.86,4.41,4.24,4.04,3.13,3.13
11-08-2014,0,49.94,38.72,0,0,0,4,3.965
12-08-2014,0,0,31.71,3.89,3.64,3.45,3.94,3.974
13-08-2014,0,51.29,41.62,4.56,4.49,4.35,3.9,3.831
14-08-2014,47.69,49.11,40.22,4.49,4.43,4.3,3.85,3.906
15-08-2014,0,0,0,4.47,4.38,4.27,3.8,3.776
16-08-2014,0,47.81,39.62,0,0,0,3.13,3.13
17-08-2014,0,0,0,0,0,0,3.13,3.13
18-08-2014,53,53.42,43.53,4.38,4.27,4.15,3.78,3.792
19-08-2014,51.13,50.72,40.58,4.4,4.34,4.22,3.84,3.877
20-08-2014,0,49.45,39.88,4.45,4.38,4.26,3.88,3.823
21-08-2014,51.01,50.05,39.68,4.43,4.37,4.26,3.88,3.889
22-08-2014,0,0,0,4.46,4.45,4.34,3.88,3.84
23-08-2014,49.25,47.69,39.35,0,0,0,3.13,3.13
24-08-2014,0,0,0,0,0,0,3.13,3.13
25-08-2014,0,51.42,40.58,4.45,4.29,4.15,3.94,3.937
26-08-2014,52.29,51.32,40.63,4.53,4.44,4.31,3.99,3.911
27-08-2014,0,52.15,39.43,4.55,4.44,4.3,4.02,3.957
28-08-2014,0,0,0,4.56,4.46,4.33,4.06,4.044
29-08-2014,51.75,53.22,42.08,0,0,0,4.04,4.065
30-08-2014,46,47.7,41.48,0,0,0,3.13,3.13
31-08-2014,0,0,0,4.55,4.38,4.25,3.13,3.13
01-09-2014,44.84,0,38.47,0,0,0,3.13,3.13
02-09-2014,0,0,0,0,0,0,4.01,3.89
03-09-2014,0,0,0,0,0,0,3.94,3.847
04-09-2014,0,0,42.29,5.06,4.89,4.78,3.91,3.819
05-09-2014,0,0,0,5.19,5,4.83,3.86,3.793
06-09-2014,0,0,0,0,0,0,3.13,3.13
07-09-2014,49.78,52.02,40.98,4.8,4.76,4.6,3.13,3.13
08-09-2014,0,46.66,39.76,0,0,0,3.86,3.876
09-09-2014,47.7,49.51,37.78,4.39,4.36,4.19,3.93,3.984
10-09-2014,49.72,49.75,37.84,4.41,4.25,4.08,3.98,3.954
11-09-2014,0,0,0,0,0,0,3.94,3.823
12-09-2014,43.5,43.5,31.48,3.95,3.8,3.61,3.82,3.857
13-09-2014,51.25,52.56,40.01,0,0,0,3.13,3.13
14-09-2014,0,0,0,0,0,0,3.13,3.13
15-09-2014,59.26,65.49,54.12,4.34,4.38,4.23,3.92,3.931
16-09-2014,55.5,63.54,42.61,4.51,4.48,4.32,3.85,3.995
17-09-2014,52.26,56.98,39.19,4.45,4.42,4.26,3.97,4.013
18-09-2014,48,51.04,38.15,4.58,4.55,4.38,3.99,3.91
19-09-2014,0,0,0,4.56,4.46,4.31,3.99,3.837
20-09-2014,47.85,47.76,39.03,0,0,0,3.13,3.13
21-09-2014,0,0,0,0,0,0,3.13,3.13
22-09-2014,0,0,39.55,4.39,4.19,4.02,3.88,3.85
23-09-2014,50,51,41.39,4.43,4.39,4.23,3.9,3.816
24-09-2014,50.5,52.31,43.96,4.47,4.39,4.23,3.84,3.911
25-09-2014,0,50.78,44.31,4.4,4.32,4.15,3.89,3.971
26-09-2014,0,0,0,4.42,4.32,4.15,3.89,3.984
27-09-2014,0,46.92,40.1,0,0,0,3.13,3.13
28-09-2014,0,0,0,0,0,0,3.13,3.13
29-09-2014,0,48.54,39.6,4.43,4.18,4.02,3.89,4.154
30-09-2014,0,49,41.04,4.55,4.4,4.23,3.13,4.121
01-10-2014,0,0,0,0,0,0,3.13,3.13
02-10-2014,68.93,0,57.72,0,0,0,3.13,3.13
03-10-2014,47.71,0,39.73,0,0,0,3.94,4.039
04-10-2014,59.77,0,42.51,5.1,4.91,4.75,3.13,3.13
05-10-2014,51.53,46.49,38.65,0,0,0,3.13,3.13
06-10-2014,55.94,53.64,47.86,5.24,5.1,4.95,3.89,3.898
07-10-2014,49.04,51.31,41.6,4.82,4.77,4.61,3.88,3.957
08-10-2014,0,0,0,0,0,0,3.88,3.855
09-10-2014,48.6,50.86,38.63,4.52,4.5,4.34,3.87,3.845
10-10-2014,0,0,0,4.37,4.19,4.02,3.86,3.859
11-10-2014,0,50.21,40.61,4.65,4.05,3.86,3.13,3.13
12-10-2014,42.65,42.28,31.34,3.92,3.84,3.66,3.13,3.13
13-10-2014,0,53.43,37.82,4.32,4.03,3.84,3.87,3.916
14-10-2014,0,50.62,40.29,4.38,4.19,4.02,3.91,3.816
15-10-2014,0,47.22,37.81,4.41,4.19,4.03,3.81,3.8
16-10-2014,46.81,46.76,40.11,4.31,4.11,3.94,3.8,3.796
17-10-2014,0,0,0,4.27,4.06,3.88,3.73,3.766
18-10-2014,46.23,46.62,37.99,0,0,0,3.13,3.13
19-10-2014,0,0,0,0,0,0,3.13,3.13
20-10-2014,0,47.06,39.31,4.21,3.82,3.69,3.69,3.67
21-10-2014,46.75,45.29,37.14,4.24,3.94,3.76,3.62,3.711
22-10-2014,46.33,46.47,36.63,4.19,3.82,3.63,3.69,3.659
23-10-2014,0,49.09,38.68,4.21,3.81,3.63,3.6,3.622
24-10-2014,0,0,0,4.14,3.83,3.66,3.53,3.623
25-10-2014,0,44.79,37.93,0,0,0,3.13,3.13
26-10-2014,0,0,0,0,0,0,3.13,3.13
27-10-2014,0,45.75,37.58,4.07,3.47,3.42,3.56,3.561
28-10-2014,0,46.74,38.59,4.04,3.78,3.61,3.53,3.649
29-10-2014,0,48.22,38.41,4.05,3.81,3.64,3.6,3.728
30-10-2014,0,0,0,4.15,3.89,3.72,3.76,3.827
31-10-2014,0,0,36.96,4.24,4.03,3.81,3.82,3.873
01-11-2014,0,0,36.93,0,0,0,3.13,3.13
02-11-2014,72.44,0,59.15,0,0,0,3.13,3.13
03-11-2014,48.52,0,41.03,0,0,0,3.82,4.046
04-11-2014,0,0,0,5.1,4.9,4.74,3.67,4.129
05-11-2014,0,0,0,0,0,0,3.83,4.194
06-11-2014,50.25,51.01,46.6,5.15,5.01,4.85,3.92,4.404
07-11-2014,0,0,0,4.79,4.74,4.58,3.92,4.412
08-11-2014,54.2,53.09,45.76,4.5,4.34,4.24,3.13,3.13
09-11-2014,50.9,51.5,38.62,4.5,4.45,4.3,3.13,3.13
10-11-2014,48.13,49.33,38.1,0,0,0,4.18,4.255
11-11-2014,0,0,0,4.75,4.54,4.38,4.18,4.247
12-11-2014,41.31,41.02,30.43,3.89,3.89,3.73,4.2,4.185
13-11-2014,54,53.02,42.51,4.46,4.45,4.36,4.2,3.977
14-11-2014,0,0,0,4.39,4.38,4.3,4.05,4.02
15-11-2014,0,46.81,38.17,0,0,0,3.13,3.13
16-11-2014,0,0,0,0,0,0,3.13,3.13
17-11-2014,0,48.02,37.29,4.34,4.33,4.21,4.26,4.341
18-11-2014,0,50.63,38.93,4.5,4.52,4.43,4.33,4.244
19-11-2014,0,50.95,40.37,4.58,4.55,4.45,4.41,4.371
20-11-2014,0,53.1,42.1,4.75,4.72,4.68,4.41,4.489
21-11-2014,0,0,0,4.75,4.72,4.57,4.32,4.266
22-11-2014,0,49.42,40.58,0,0,0,3.13,3.13
23-11-2014,0,0,0,0,0,0,3.13,3.13
24-11-2014,51,51.03,40.49,4.62,4.56,4.39,4.09,4.151
25-11-2014,0,0,0,4.51,4.48,4.31,4.09,4.282
26-11-2014,47.13,47.58,37.38,0,0,0,4.15,4.355
27-11-2014,0,0,0,0,0,0,3.13,3.13
28-11-2014,0,0,0,0,0,0,4.3,4.088
29-11-2014,0,44.25,35.77,0,0,0,3.13,3.13
30-11-2014,0,0,0,4.47,4.43,4.27,3.13,3.13
01-12-2014,0,0,0,0,0,0,4.3,4.007
02-12-2014,66.16,0,59.93,0,0,0,3.77,3.874
03-12-2014,48.03,0,40.01,0,0,0,3.63,3.805
04-12-2014,51.25,0,44.5,0,0,0,3.63,3.649
05-12-2014,56.24,54.94,44.37,5.04,4.83,4.65,3.42,3.802
06-12-2014,48.55,48.4,46.17,5.08,4.96,4.8,3.13,3.13
07-12-2014,0,50.5,43.74,0,0,0,3.13,3.13
08-12-2014,50.86,51.99,42.45,4.56,4.48,4.35,3.42,3.595
09-12-2014,0,0,0,4.44,4.43,4.27,3.63,3.652
10-12-2014,0,0,0,0,0,0,3.65,3.706
11-12-2014,0,50.73,38.85,4.49,4.42,4.3,3.68,3.634
12-12-2014,0,0,0,3.98,3.92,3.75,3.91,3.795
13-12-2014,0,40,30.2,0,0,0,3.13,3.13
14-12-2014,0,0,0,0,0,0,3.13,3.13
15-12-2014,0,42.5,34.61,4,3.83,3.66,3.72,3.719
16-12-2014,44.38,45.3,34.04,4.07,4.02,3.86,3.58,3.619
17-12-2014,42.25,42.64,33.16,3.93,3.94,3.77,3.72,3.702
18-12-2014,42.9,43.93,32.28,3.94,3.97,3.83,3.71,3.642
19-12-2014,0,0,0,4,3.96,3.8,3.71,3.464
20-12-2014,0,0,32.23,0,0,0,3.13,3.13
21-12-2014,0,0,0,0,0,0,3.13,3.13
22-12-2014,0,0,32.65,3.74,3.6,3.49,3.05,3.144
23-12-2014,0,36.5,28.17,3.42,3.11,2.95,2.99,3.171
24-12-2014,0,0,0,3.34,3.03,2.9,2.99,3.03
25-12-2014,0,0,0,0,0,0,3.13,3.13
26-12-2014,0,32,24.9,0,0,0,2.74,3.007
27-12-2014,0,0,0,0,0,0,3.13,3.13
28-12-2014,0,0,0,0,0,0,3.13,3.13
29-12-2014,0,35.5,25.75,3.36,2.81,2.84,3.07,3.189
30-12-2014,38.25,39.45,35.08,3.51,3.63,3.61,3.14,3.094
31-12-2014,0,39.24,32.64,3.53,3.46,3.41,3.14,2.889
01-01-2015,0,0,0,0,0,0,3.13,3.13
02-01-2015,0,0,0,0,0,0,3.01,3.003
03-01-2015,0,0,0,0,0,0,3.13,3.13
04-01-2015,0,0,0,0,0,0,3.13,3.13
05-01-2015,0,35.63,41.76,3.38,3.25,3.24,3.22,2.882
06-01-2015,39.5,39.51,46.81,3.43,3.31,3.29,2.98,2.938
07-01-2015,0,36.85,82.97,3.23,3.1,3.11,3.08,2.871
08-01-2015,0,36.91,90.95,3.28,3.16,3.13,2.92,2.927
09-01-2015,0,0,52.8,3.17,3.01,2.95,2.96,2.946
10-01-2015,0,34.95,0,0,0,0,3.13,3.13
11-01-2015,0,0,0,0,0,0,3.13,3.13
12-01-2015,0,37.16,40.01,3.25,3.1,2.95,2.9,2.795
13-01-2015,35.33,36.07,46.63,3.21,3.07,2.93,2.92,2.943
14-01-2015,0,36.5,47.92,3.17,3.06,2.92,3.15,3.233
15-01-2015,0,0,44.38,3.37,3.27,3.11,3.32,3.158
16-01-2015,36,37.27,41.93,3.51,3.38,3.23,3.11,3.127
17-01-2015,0,37.04,0,0,0,0,3.13,3.13
18-01-2015,0,0,0,0,0,0,3.13,3.13
19-01-2015,0,0,36.35,0,0,0,3.13,3.13
20-01-2015,0,0,33.31,3.28,3.1,2.98,2.94,2.831
21-01-2015,0,35.03,37.52,3.18,3.03,2.87,2.94,2.974
22-01-2015,0,34.95,34.17,3.19,3.05,2.89,2.95,2.835
23-01-2015,0,0,33.44,3.18,3,2.83,2.96,2.986
24-01-2015,32.79,33.19,0,0,0,0,3.13,3.13
25-01-2015,0,0,0,0,0,0,3.13,3.13
26-01-2015,35.68,35.52,46.2,3.18,2.97,2.82,2.92,2.881
27-01-2015,0,35.11,57.95,3.16,2.96,2.8,2.96,2.981
28-01-2015,0,0,0,3.18,2.99,2.82,2.89,2.866
29-01-2015,0,34.77,0,3.12,2.93,2.76,2.88,2.719
30-01-2015,0,0,0,0,0,0,2.88,2.691
31-01-2015,0,0,0,3.09,2.86,2.71,3.13,3.13
01-02-2015,0,0,30.89,3.38,3.25,3.19,3.13,3.13
02-02-2015,0,33.81,0,2.91,2.63,2.46,2.88,2.68
03-02-2015,34.2,32.81,0,2.92,2.65,2.47,2.67,2.754
04-02-2015,0,32.71,0,2.91,2.66,2.47,2.73,2.662
05-02-2015,34.5,33.65,0,2.93,2.67,2.51,2.66,2.6
06-02-2015,0,0,0,2.83,2.5,2.35,2.66,2.579
07-02-2015,0,29.21,0,0,0,0,3.13,3.13
08-02-2015,0,0,0,0,0,0,3.13,3.13
09-02-2015,0,32.31,0,2.76,2.4,2.23,2.62,2.597
10-02-2015,33.67,33.57,0,2.84,2.63,2.45,2.67,2.677
11-02-2015,33.75,33.22,0,2.86,2.74,2.48,2.86,2.797
12-02-2015,0,0,0,3.03,2.89,2.72,2.86,2.713
13-02-2015,35,33.76,0,2.98,2.86,2.64,2.75,2.804
14-02-2015,31.25,30.4,0,0,0,0,3.13,3.13
15-02-2015,0,0,0,0,0,0,3.13,3.13
16-02-2015,0,0,0,0,0,0,3.13,3.13
17-02-2015,0,33.07,0,2.83,2.58,2.49,2.75,2.759
18-02-2015,34.2,33.02,0,2.98,2.83,2.67,2.92,2.831
19-02-2015,0,32.25,0,2.97,2.85,2.68,2.92,2.834
20-02-2015,0,0,0,3.03,2.93,2.76,3.02,2.951
21-02-2015,30,30.38,0,0,0,0,3.13,3.13
22-02-2015,0,0,0,0,0,0,3.13,3.13
23-02-2015,34,33.95,0,3.13,3,2.92,3.22,2.879
24-02-2015,0,34.56,0,3.24,3.14,3.07,3.22,2.902
25-02-2015,0,33.94,0,3.13,3.01,2.95,3.21,2.894
26-02-2015,34,32.83,0,3.16,3.07,3.09,3.21,2.697
27-02-2015,0,0,0,0,0,0,2.79,2.734
28-02-2015,31.75,31.32,0,3.03,2.98,2.98,3.13,3.13
01-03-2015,0,0,0,0,0,0,3.13,3.13
02-03-2015,33.9,32.94,0,2.9,2.81,2.63,2.79,2.698
03-03-2015,34.07,33.04,0,2.94,2.89,2.83,3,2.712
04-03-2015,0,34.48,0,2.95,2.87,2.99,3.27,2.769
05-03-2015,0,33.76,0,2.98,2.93,2.96,3.27,2.841
06-03-2015,0,0,0,2.96,2.82,2.75,2.89,2.839
07-03-2015,0,30.46,0,0,0,0,3.13,3.13
08-03-2015,0,0,0,0,0,0,3.13,3.13
09-03-2015,0,32.75,0,2.96,2.74,2.59,2.75,2.678
10-03-2015,34.09,32.1,0,2.9,2.67,2.51,2.76,2.732
11-03-2015,34.02,31.6,0,2.92,2.71,2.5,2.76,2.824
12-03-2015,33.63,30.76,0,2.97,2.74,2.57,2.82,2.734
13-03-2015,0,0,0,3,2.74,2.58,2.72,2.727
14-03-2015,34.58,31.97,0,0,0,0,3.13,3.13
15-03-2015,0,0,0,0,0,0,3.13,3.13
16-03-2015,35.77,34.17,0,2.86,2.63,2.46,2.68,2.716
17-03-2015,33.26,32.82,0,2.88,2.67,2.48,2.82,2.855
18-03-2015,36.45,31.55,0,3,2.8,2.59,2.8,2.92
19-03-2015,34.42,31.25,0,2.99,2.73,2.59,2.86,2.813
20-03-2015,0,0,0,3.05,2.71,2.63,2.86,2.786
21-03-2015,32.46,29.04,0,0,0,0,3.13,3.13
22-03-2015,0,0,0,0,0,0,3.13,3.13
23-03-2015,0,31.17,0,2.98,2.52,2.55,2.72,2.733
24-03-2015,33.05,28.82,0,2.9,2.65,2.48,2.79,2.786
25-03-2015,33.05,29.17,0,2.98,2.62,2.56,2.77,2.723
26-03-2015,35.64,33.45,0,2.95,2.69,2.55,2.77,2.672
27-03-2015,0,0,0,2.92,2.67,2.49,2.89,2.59
28-03-2015,33.45,30.35,0,0,0,0,3.13,3.13
29-03-2015,0,0,0,0,0,0,3.13,3.13
30-03-2015,34,31.4,0,2.82,2.46,2.38,2.64,2.644
31-03-2015,31.41,26.72,0,2.84,2.58,2.41,2.65,2.64
01-04-2015,0,0,0,2.88,2.61,2.45,2.62,2.605
02-04-2015,31.75,26.89,0,2.85,2.5,2.4,2.63,2.713
03-04-2015,0,0,0,0,0,0,3.13,3.13
04-04-2015,0,27.76,0,0,0,0,3.13,3.13
05-04-2015,0,0,0,0,0,0,3.13,3.13
06-04-2015,32.5,28.67,0,2.82,2.47,2.37,2.63,2.65
07-04-2015,0,27.72,0,2.87,2.62,2.45,2.71,2.68
08-04-2015,34.08,27.07,0,2.93,2.66,2.49,2.71,2.619
09-04-2015,32.58,27.75,0,2.91,2.66,2.49,2.72,2.528
10-04-2015,0,0,0,2.88,2.64,2.48,2.58,2.511
11-04-2015,0,26.13,0,0,0,0,3.13,3.13
12-04-2015,0,0,0,0,0,0,3.13,3.13
13-04-2015,34,29.98,0,2.79,2.49,2.34,2.58,2.511
14-04-2015,33.07,23.77,0,2.84,2.56,2.4,2.58,2.53
15-04-2015,34,28.11,0,2.85,2.58,2.42,2.62,2.61
16-04-2015,35,31.15,0,2.85,2.61,2.43,2.61,2.684
17-04-2015,0,0,0,2.85,2.58,2.4,2.67,2.634
18-04-2015,35.5,30.75,0,0,0,0,3.13,3.13
19-04-2015,0,0,0,0,0,0,3.13,3.13
20-04-2015,0,31.5,0,2.9,2.5,2.42,2.57,2.536
21-04-2015,34.75,27.8,0,2.86,2.59,2.43,2.59,2.575
22-04-2015,35.72,29.7,0,2.9,2.66,2.47,2.63,2.606
23-04-2015,0,31.22,0,2.95,2.7,2.53,2.59,2.531
24-04-2015,0,0,0,2.91,2.64,2.47,2.59,2.531
25-04-2015,36,25.54,0,0,0,0,3.13,3.13
26-04-2015,0,0,0,0,0,0,3.13,3.13
27-04-2015,37.5,34.63,0,2.86,2.46,2.39,2.5,2.49
28-04-2015,0,35.01,0,2.84,2.58,2.41,2.55,2.517
29-04-2015,0,35.33,0,2.88,2.63,2.47,2.55,2.606
30-04-2015,40.5,37.35,0,2.91,2.66,2.49,2.56,2.751
01-05-2015,0,0,0,2.94,2.68,2.52,2.68,2.776
02-05-2015,0,33,0,0,0,0,3.13,3.13
03-05-2015,0,0,0,0,0,0,3.13,3.13
04-05-2015,41,32.09,0,3.04,2.74,2.6,2.72,2.821
05-05-2015,37.05,28.44,0,3.13,2.84,2.68,2.76,2.78
06-05-2015,38.92,30.57,0,3.15,2.84,2.66,2.76,2.776
07-05-2015,0,31.05,0,3.13,2.82,2.65,2.74,2.734
08-05-2015,0,0,0,3.14,2.87,2.7,2.78,2.88
09-05-2015,0,29,0,0,0,0,3.13,3.13
10-05-2015,0,0,0,0,0,0,3.13,3.13
11-05-2015,39.5,31.65,0,3.19,2.89,2.72,2.85,2.802
12-05-2015,37.44,30.67,0,3.25,2.94,2.78,2.85,2.897
13-05-2015,38.63,29.55,23.88,3.25,2.96,2.79,2.85,2.935
14-05-2015,0,30.16,24.14,3.2,2.95,2.77,2.87,3.008
15-05-2015,0,0,0,3.25,2.96,2.79,2.96,3.016
16-05-2015,34.5,25.28,21.18,0,0,0,3.13,3.13
17-05-2015,0,0,0,0,0,0,3.13,3.13
18-05-2015,0,31.59,24.53,3.29,2.94,2.8,3.01,3.01
19-05-2015,35.75,31.53,23.1,3.37,3.07,2.92,3.01,2.948
20-05-2015,0,29.94,23.75,3.42,3.14,2.98,3.04,2.915
21-05-2015,0,0,0,3.33,3.05,2.9,2.96,2.949
22-05-2015,0,28.57,23.45,3.28,3,2.84,2.96,2.887
23-05-2015,0,18.3,20.67,0,0,0,3.13,3.13
24-05-2015,0,0,0,0,0,0,3.13,3.13
25-05-2015,0,0,0,0,0,0,3.13,3.13
26-05-2015,0,31.95,23.88,3.23,2.85,2.69,2.82,2.822
27-05-2015,0,29.68,23.97,3.2,2.73,2.58,2.82,2.815
28-05-2015,0,0,0,3.19,2.87,2.72,2.78,2.706
29-05-2015,32.9,31.54,25.86,0,0,0,2.78,2.642
30-05-2015,0,29.21,26.44,0,0,0,3.13,3.13
31-05-2015,0,0,0,3.11,2.67,2.57,3.13,3.13
01-06-2015,34.42,31.47,25.9,3.03,2.71,2.56,2.78,2.649
02-06-2015,0,26.33,24.15,3,2.63,2.5,2.63,2.698
03-06-2015,29.76,28.84,23.88,2.98,2.65,2.51,2.65,2.634
04-06-2015,28.46,28.26,23.74,2.98,2.68,2.53,2.6,2.626
05-06-2015,0,0,0,2.94,2.64,2.49,2.6,2.59
06-06-2015,28,28.1,22.83,0,0,0,3.13,3.13
07-06-2015,0,0,0,0,0,0,3.13,3.13
08-06-2015,34.88,33.96,25.95,2.91,2.5,2.37,2.6,2.705
09-06-2015,38.55,35.74,27.04,3.03,2.84,2.67,2.72,2.846
10-06-2015,36.5,35.12,26.87,3.16,3.01,2.84,2.81,2.891
11-06-2015,36.5,33.54,26.05,3.25,3.05,2.92,2.88,2.825
12-06-2015,0,0,0,3.21,3,2.83,2.88,2.75
13-06-2015,37.69,33.61,27.99,0,0,0,3.13,3.13
14-06-2015,0,0,0,0,0,0,3.13,3.13
15-06-2015,0,37.73,30.96,3.09,2.89,2.72,2.89,2.889
16-06-2015,38.36,38.45,34.47,3.15,3.05,2.9,2.94,2.894
17-06-2015,0,40.18,37.49,3.18,3.11,2.96,2.93,2.855
18-06-2015,40.15,40.49,42.68,3.23,3.17,2.98,2.93,2.777
19-06-2015,0,0,0,3.15,3.1,2.94,2.81,2.816
20-06-2015,37.53,36.2,37.39,0,0,0,3.13,3.13
21-06-2015,0,0,0,0,0,0,3.13,3.13
22-06-2015,40.04,39.7,36.83,3.05,2.98,2.85,2.79,2.733
23-06-2015,39.9,39.28,35.11,3.04,3.06,2.9,2.83,2.726
24-06-2015,41.63,43.63,36.92,3.13,3.11,2.95,2.83,2.759
25-06-2015,45.89,44.84,36.94,3.13,3.12,2.96,2.8,2.85
26-06-2015,0,0,0,3.17,3.17,3,2.77,2.773
27-06-2015,52.11,46.12,37.35,0,0,0,3.13,3.13
28-06-2015,0,0,0,0,0,0,3.13,3.13
29-06-2015,50.39,45.68,36.78,3.15,3.16,3,2.77,2.805
30-06-2015,54.38,49.62,41.73,3.23,3.26,3.1,2.8,2.832
01-07-2015,75.73,59.18,60.77,3.24,3.25,3.08,2.78,2.783
02-07-2015,0,0,0,3.29,3.26,3.09,2.79,2.822
03-07-2015,60.31,51.91,59.57,0,0,0,2.79,3.13
04-07-2015,0,0,0,0,0,0,3.13,3.13
05-07-2015,0,0,0,0,0,0,3.13,3.13
06-07-2015,43.63,43.18,36.99,3.19,3.17,2.99,2.79,2.756
07-07-2015,38,38.07,32.59,3.16,3.09,2.9,2.77,2.716
08-07-2015,0,36.03,30.07,3.1,3.01,2.85,2.77,2.685
09-07-2015,0,34.02,27.02,3.11,2.96,2.78,2.7,2.726
10-07-2015,0,0,0,3.04,2.82,2.59,2.7,2.77
11-07-2015,33.25,32,24.84,0,0,0,3.13,3.13
12-07-2015,0,0,0,0,0,0,3.13,3.13
13-07-2015,36.93,36.87,28.28,3.06,2.74,2.61,2.88,3.13
14-07-2015,0,36.86,29.03,3.22,3.13,2.96,2.88,2.84
15-07-2015,38.94,38.79,31.09,3.25,3.23,3.06,2.93,2.918
16-07-2015,39.91,39.91,32.17,3.25,3.21,3.03,2.9,2.854
17-07-2015,0,0,0,3.25,3.19,3.04,2.88,2.87
18-07-2015,0,37.16,30.09,0,0,0,3.13,3.13
19-07-2015,0,0,0,0,0,0,3.13,3.13
20-07-2015,0,38.16,30.77,3.18,3.06,2.89,2.88,2.823
21-07-2015,0,36.73,29.5,3.16,3.14,2.94,2.84,2.882
22-07-2015,0,36.17,28.78,3.25,3.18,3.02,2.84,2.897
23-07-2015,34.53,35.05,27.88,3.28,3.21,3.04,2.92,2.816
24-07-2015,0,0,0,3.29,3.22,3.07,2.92,2.776
25-07-2015,34.5,34.95,27.68,0,0,0,3.13,3.13
26-07-2015,0,0,0,0,0,0,3.13,3.13
27-07-2015,0,38.53,31.49,3.17,3.08,2.91,2.92,2.789
28-07-2015,42.28,41.21,33.47,3.23,3.15,2.99,2.89,2.821
29-07-2015,49.41,45.51,36.87,0,0,0,2.91,2.886
30-07-2015,0,0,0,3.27,3.2,3.05,2.87,2.768
31-07-2015,44.41,45.44,36.68,3.22,3.13,2.97,2.76,2.716
01-08-2015,37.48,38.45,30.55,0,0,0,3.13,3.13
02-08-2015,0,0,0,0,0,0,3.13,3.13
03-08-2015,37.97,38.9,34.76,3.16,3.07,2.9,2.76,2.748
04-08-2015,36.43,37.76,39,3.15,3.11,2.93,2.83,2.812
05-08-2015,36.83,39.86,41.08,3.21,3.14,2.97,2.85,2.798
06-08-2015,0,39.49,39.18,3.25,3.15,2.96,2.76,2.813
07-08-2015,0,0,0,3.18,3.09,2.92,2.76,2.798
08-08-2015,34.75,35.68,34.04,0,0,0,3.13,3.13
09-08-2015,0,0,0,0,0,0,3.13,3.13
10-08-2015,34.25,36.97,32.87,3.18,3.02,2.91,2.85,2.842
11-08-2015,40,39.28,35.35,3.24,3.14,2.96,2.84,2.844
12-08-2015,40,41.3,38.53,3.22,3.14,2.97,2.93,2.931
13-08-2015,42.31,43.21,39.6,3.29,3.18,3,2.93,2.787
14-08-2015,0,0,0,3.33,3.21,3.04,2.83,2.801
15-08-2015,0,41.92,38.66,0,0,0,3.13,3.13
16-08-2015,0,0,0,0,0,0,3.13,3.13
17-08-2015,42.25,44.63,39.26,3.25,3.11,2.93,2.79,2.728
18-08-2015,42.76,42.3,39.02,3.2,3.09,2.91,2.71,2.704
19-08-2015,38.99,38.28,36.05,3.14,3.02,2.84,2.77,2.716
20-08-2015,35.9,36.12,32.66,3.18,3.03,2.85,2.77,2.755
21-08-2015,0,0,0,3.16,2.98,2.79,2.7,2.676
22-08-2015,0,33.58,27.55,0,0,0,3.13,3.13
23-08-2015,0,0,0,0,0,0,3.13,3.13
24-08-2015,37,38.05,31.35,3.11,2.91,2.71,2.65,2.65
25-08-2015,0,39.19,31.99,3.06,2.93,2.72,2.71,2.685
26-08-2015,0,41.05,32.9,3.11,2.98,2.81,2.73,2.693
27-08-2015,0,44.17,35.84,3.12,2.99,2.83,2.69,2.638
28-08-2015,0,0,0,3.09,2.96,2.77,2.69,2.715
29-08-2015,0,38.29,32.71,0,0,0,3.13,3.13
30-08-2015,0,0,0,0,0,0,3.13,3.13
31-08-2015,0,36.25,33.61,3.1,2.9,2.71,2.7,2.689
01-09-2015,0,35.43,28.98,3.1,2.89,2.69,2.7,2.702
02-09-2015,34.98,34.97,26.25,3.13,2.97,2.79,2.7,2.648
03-09-2015,0,0,0,3.1,2.91,2.73,2.67,2.725
04-09-2015,0,33.33,26.65,3.08,2.87,2.68,2.67,2.655
05-09-2015,0,30.96,25.59,0,0,0,3.13,3.13
06-09-2015,0,0,0,0,0,0,3.13,3.13
07-09-2015,0,0,0,0,0,0,2.67,3.13
08-09-2015,38.59,37.41,29.33,3.06,2.68,2.54,2.74,2.71
09-09-2015,51.63,50.38,38.58,3.19,3.02,2.86,2.74,2.651
10-09-2015,51.25,48.86,39.15,3.18,3.02,2.85,2.71,2.683
11-09-2015,0,0,0,3.15,3,2.82,2.67,2.693
12-09-2015,0,42.09,33.43,0,0,0,3.13,3.13
13-09-2015,0,0,0,0,0,0,3.13,3.13
14-09-2015,0,37.14,28.87,3.12,2.93,2.73,2.7,2.758
15-09-2015,0,35.14,26.07,3.13,2.98,2.78,2.74,2.728
16-09-2015,0,34.73,27.37,3.18,2.96,2.78,2.69,2.66
17-09-2015,33,33.73,26.56,3.14,2.94,2.75,2.69,2.652
18-09-2015,0,0,0,3.13,2.91,2.72,2.69,2.605
19-09-2015,35.65,36.12,27.55,0,0,0,3.13,3.13
20-09-2015,0,0,0,0,0,0,3.13,3.13
21-09-2015,40.21,40.4,31.98,3.07,2.8,2.62,2.61,2.573
22-09-2015,0,36,27.53,3.05,2.88,2.7,2.61,2.577
23-09-2015,0,36.5,27.7,3.06,2.9,2.72,2.62,2.569
24-09-2015,39.5,39.98,32.1,3.07,2.9,2.71,2.62,2.591
25-09-2015,0,0,0,3.06,2.91,2.73,2.6,2.564
26-09-2015,0,38.04,31.06,0,0,0,3.13,3.13
27-09-2015,0,0,0,0,0,0,3.13,3.13
28-09-2015,0,37.5,29.65,3.05,2.83,2.64,2.66,2.563
29-09-2015,0,37.36,29.95,3.13,2.92,2.74,2.57,2.586
30-09-2015,0,36.15,29.91,3.06,2.82,2.63,2.47,2.524
01-10-2015,34.03,34.05,28.13,2.99,2.75,2.53,2.37,2.433
02-10-2015,0,0,0,2.91,2.67,2.47,2.37,2.451
03-10-2015,34.25,31.92,25.75,0,0,0,3.13,3.13
04-10-2015,0,0,0,0,0,0,3.13,3.13
05-10-2015,33.38,32.78,25.2,2.82,2.34,2.3,2.34,2.45
06-10-2015,0,34.98,25.1,2.92,2.64,2.44,2.35,2.47
07-10-2015,0,35.32,23.65,2.92,2.62,2.44,2.35,2.474
08-10-2015,39.75,37.38,25.34,2.96,2.7,2.48,2.35,2.498
09-10-2015,0,0,0,2.95,2.77,2.53,2.49,2.502
10-10-2015,41.19,40.85,28.56,0,0,0,3.13,3.13
11-10-2015,0,0,0,0,0,0,3.13,3.13
12-10-2015,42,42.38,32.63,2.97,2.73,2.52,2.48,3.13
13-10-2015,43.93,44.82,34.71,3.02,2.83,2.64,2.47,2.498
14-10-2015,43.93,43.48,35.8,3.04,2.82,2.65,2.47,2.518
15-10-2015,0,38.82,32.14,3.02,2.84,2.66,2.54,2.453
16-10-2015,0,0,0,3.04,2.85,2.67,2.42,2.43
17-10-2015,0,36.42,28.82,0,0,0,3.13,3.13
18-10-2015,0,0,0,0,0,0,3.13,3.13
19-10-2015,35.75,36.19,27.41,2.97,2.64,2.44,2.43,2.442
20-10-2015,0,33.96,25.91,2.91,2.69,2.5,2.46,2.476
21-10-2015,0,34.45,25.8,2.91,2.53,2.4,2.37,2.404
22-10-2015,0,32.79,25.26,2.82,2.4,2.24,2.37,2.386
23-10-2015,0,0,0,2.83,2.48,2.3,2.28,2.286
24-10-2015,0,30.44,23.76,0,0,0,3.13,3.13
25-10-2015,0,0,0,0,0,0,3.13,3.13
26-10-2015,33.5,33.54,25.59,2.75,2.35,2.17,2.18,2.062
27-10-2015,33,32.75,25.4,2.68,2.43,2.22,2.14,2.092
28-10-2015,31.75,30.89,24.91,2.69,2.36,2.21,2.14,2.033
29-10-2015,31.94,31,25.27,2.64,2.39,2.23,2.15,2.257
30-10-2015,0,0,0,0,0,0,1.98,2.321
31-10-2015,30,29.23,22.11,2.63,2.19,2.21,3.13,3.13
01-11-2015,0,0,0,0,0,0,3.13,3.13
02-11-2015,31.5,30.45,23.18,2.54,2.15,1.97,1.92,2.256
03-11-2015,32.13,30,22.63,2.57,2.31,2.11,1.92,2.253
04-11-2015,32.93,30.8,23.05,2.64,2.38,2.01,2.04,2.262
05-11-2015,32.25,30.84,23.51,2.68,2.4,2.19,2.04,2.364
06-11-2015,0,0,0,2.72,2.49,2.29,2.19,2.371
07-11-2015,31.45,30.69,23.76,0,0,0,3.13,3.13
08-11-2015,0,0,0,0,0,0,3.13,3.13
09-11-2015,33.12,31.62,24.88,2.68,2.28,2.14,2.19,2.3
10-11-2015,32.54,31.28,24,2.73,2.51,2.32,2.14,2.32
11-11-2015,0,0,0,2.72,2.43,2.21,2.13,3.13
12-11-2015,32.25,31.8,23.91,2.75,2.48,2.3,2.05,2.26
13-11-2015,0,0,0,2.7,2.41,2.15,2.02,2.361
14-11-2015,0,30.75,23.12,0,0,0,3.13,3.13
15-11-2015,0,0,0,0,0,0,3.13,3.13
16-11-2015,0,30.78,22.67,2.71,2.3,2.1,2.02,2.385
17-11-2015,0,31.3,23.11,2.87,2.66,2.46,2.05,2.371
18-11-2015,30.5,30.72,22.69,2.8,2.41,2.25,2.1,2.347
19-11-2015,31.25,30.6,21.85,2.84,2.48,2.31,2.1,2.276
20-11-2015,0,0,0,2.83,2.53,2.32,2.18,2.145
21-11-2015,0,30.7,21.86,0,0,0,3.13,3.13
22-11-2015,0,0,0,0,0,0,3.13,3.13
23-11-2015,0,30.97,21.17,2.7,2.37,2.26,2.18,2.21
24-11-2015,0,0,0,2.68,2.51,2.35,2.14,2.2
25-11-2015,29.25,28.25,21.79,2.64,2.5,2.32,2.14,2.206
26-11-2015,0,0,0,0,0,0,2.14,3.13
27-11-2015,0,26.63,20.36,0,0,0,2.14,2.212
28-11-2015,0,0,0,0,0,0,3.13,3.13
29-11-2015,0,0,0,0,0,0,3.13,3.13
30-11-2015,0,28.03,21.33,2.64,2.33,2.18,2.11,2.235
01-12-2015,34.71,33.21,24.06,2.68,2.57,2.4,2.11,2.231
02-12-2015,0,31.75,18.86,2.68,2.57,2.38,2.19,2.165
03-12-2015,0,29.59,20.1,0,0,0,2.14,2.181
04-12-2015,0,0,0,2.6,2.49,2.3,2.1,2.186
05-12-2015,29.5,27.75,19.72,0,0,0,3.13,3.13
06-12-2015,0,0,0,0,0,0,3.13,3.13
07-12-2015,0,28.7,21.14,2.6,2.38,2.21,2.06,2.067
08-12-2015,31.58,28.92,19.25,2.59,2.41,2.24,2.01,2.07
09-12-2015,30.14,27.74,18.92,2.51,2.22,2.01,2,2.062
10-12-2015,0,27.37,19.31,2.57,2.34,2.19,1.95,2.015
11-12-2015,0,0,0,2.5,2.33,2.16,1.79,1.99
12-12-2015,0,26,19.32,0,0,0,3.13,3.13
13-12-2015,0,0,0,0,0,0,3.13,3.13
14-12-2015,30,27.7,19.75,2.46,2.14,1.97,1.7,1.894
15-12-2015,30.18,28.56,20.69,2.44,2.29,2.11,1.66,1.822
16-12-2015,30.5,29.1,22.66,2.47,2.34,2.24,1.7,1.79
17-12-2015,32.5,31.6,23.91,2.44,2.38,2.33,1.79,1.755
18-12-2015,0,0,0,2.44,2.35,2.27,1.74,1.767
19-12-2015,0,28.28,22.2,0,0,0,3.13,3.13
20-12-2015,0,0,0,0,0,0,3.13,3.13
21-12-2015,0,28.38,22,2.43,2.37,1.98,1.76,1.911
22-12-2015,0,0,0,2.51,2.41,2.18,1.73,1.888
23-12-2015,0,28.25,20.93,2.47,2.47,2.03,1.63,1.983
24-12-2015,0,26.88,20.4,2.47,2.5,2.05,1.63,2.029
25-12-2015,0,0,0,0,0,0,1.63,3.13
26-12-2015,0,0,0,0,0,0,3.13,3.13
27-12-2015,0,0,0,0,0,0,3.13,3.13
28-12-2015,0,0,21.1,2.54,2.58,2.11,2.11,2.228
29-12-2015,33.75,33.78,27.87,2.77,2.85,2.95,2.39,2.372
30-12-2015,0,0,0,2.95,3.01,3.02,2.28,2.214
31-12-2015,35.67,38.3,27.9,2.8,2.75,2.65,2.28,2.337
01-01-2016,0,0,0,0,0,0,2.28,3.13
02-01-2016,0,31.75,24.15,0,0,0,3.13,3.13
03-01-2016,0,0,0,0,0,0,3.13,3.13
04-01-2016,0,33.5,22.95,2.83,2.72,2.55,2.39,2.334
05-01-2016,0,33.21,24.02,2.84,2.73,2.63,2.33,2.325
06-01-2016,0,30.97,22.83,2.76,2.7,2.51,2.37,2.267
07-01-2016,0,32.55,31.5,2.82,2.71,2.56,2.35,2.382
08-01-2016,0,0,26.81,2.8,2.79,2.55,2.47,2.472
09-01-2016,0,31.75,0,0,0,0,3.13,3.13
10-01-2016,0,0,0,0,0,0,3.13,3.13
11-01-2016,0,35.14,39.79,2.82,2.81,2.68,2.54,2.396
12-01-2016,35.51,33.06,38.17,2.83,2.76,2.58,2.4,2.257
13-01-2016,33.29,31.65,44.38,2.66,2.6,2.39,2.28,2.269
14-01-2016,0,0,30.25,2.55,2.5,2.32,2.21,2.139
15-01-2016,32.61,30.64,24.19,2.52,2.45,2.3,2.18,2.1
16-01-2016,0,29,0,0,0,0,3.13,3.13
17-01-2016,0,0,0,0,0,0,3.13,3.13
18-01-2016,0,0,46.11,0,0,0,2.18,3.13
19-01-2016,0,29.28,55.07,2.45,2.35,2.23,2.23,2.091
20-01-2016,0,31.9,39.23,2.47,2.38,2.27,2.18,2.118
21-01-2016,31.25,30.08,34.68,2.46,2.38,2.23,2.22,2.138
22-01-2016,0,0,36.71,2.49,2.42,2.21,2.21,2.139
23-01-2016,28.83,28.44,0,0,0,0,3.13,3.13
24-01-2016,0,0,0,0,0,0,3.13,3.13
25-01-2016,31,31.25,37.58,2.47,2.43,2.19,2.16,2.158
26-01-2016,0,0,31.14,2.47,2.41,2.23,2.26,2.18
27-01-2016,28.75,28.19,28.75,2.52,2.48,2.3,2.26,2.189
28-01-2016,0,0,31.44,2.46,2.44,2.27,2.15,2.182
29-01-2016,28.25,27.22,30.85,0,0,0,2.28,2.298
30-01-2016,26.6,23.78,0,0,0,0,3.13,3.13
31-01-2016,0,0,0,2.34,2.25,2.1,3.13,3.13
01-02-2016,29.75,28.73,25.31,2.51,2.48,2.32,2.28,2.152
02-02-2016,0,27.86,25.56,2.4,2.39,2.26,2.07,2.025
03-02-2016,29.75,28.46,23.57,2.29,2.25,2.1,2.06,2.038
04-02-2016,30,29.49,25.62,2.27,2.29,2.14,2.07,1.972
05-02-2016,0,0,29.08,2.22,2.21,2.06,2.08,2.063
06-02-2016,27.2,25.62,0,0,0,0,3.13,3.13
07-02-2016,0,0,0,0,0,0,3.13,3.13
08-02-2016,28.8,28.55,31.47,2.19,2.18,2.04,2.23,2.14
09-02-2016,0,28.72,35.41,2.27,2.29,2.12,2.17,2.098
10-02-2016,0,27.79,35.54,2.21,2.22,2.06,2.16,2.046
11-02-2016,0,0,41.5,2.16,2.16,2.01,2.15,1.994
12-02-2016,27.5,26.13,39.98,2.15,2.12,1.95,2.08,1.966
13-02-2016,24.59,22.19,0,0,0,0,3.13,3.13
14-02-2016,0,0,0,0,0,0,3.13,3.13
15-02-2016,0,0,44.1,0,0,0,2.08,3.13
16-02-2016,26.75,26.53,31.37,2.05,1.85,1.83,1.95,1.903
17-02-2016,25.5,22.61,31.14,2.01,1.89,1.73,1.93,1.942
18-02-2016,0,21.42,29.4,1.99,1.91,1.73,1.89,1.852
19-02-2016,0,0,25.04,2.02,1.89,1.69,1.83,1.804
20-02-2016,0,20.36,0,0,0,0,3.13,3.13
21-02-2016,0,0,0,0,0,0,3.13,3.13
22-02-2016,0,23.04,25.41,1.98,1.82,1.64,1.86,1.821
23-02-2016,0,22.75,27.1,1.99,1.85,1.7,1.85,1.782
24-02-2016,0,22.5,24.81,1.98,1.88,1.72,1.85,1.778
25-02-2016,0,22.75,26.12,1.94,1.87,1.7,1.78,1.711
26-02-2016,0,0,32.28,1.9,1.81,1.64,1.78,1.791
27-02-2016,21.25,18.58,0,0,0,0,3.13,3.13
28-02-2016,0,0,0,0,0,0,3.13,3.13
29-02-2016,0,21.84,25.61,1.86,1.59,1.54,1.62,1.711
01-03-2016,0,21.76,25.14,1.79,1.67,1.49,1.57,1.742
02-03-2016,22.75,21.25,30.14,1.76,1.64,1.49,1.6,1.678
03-03-2016,0,20.64,33.76,1.76,1.71,1.54,1.59,1.639
04-03-2016,0,0,30.28,1.76,1.68,1.5,1.49,1.666
05-03-2016,0,18.13,0,0,0,0,3.13,3.13
06-03-2016,0,0,0,0,0,0,3.13,3.13
07-03-2016,22.25,20.52,27.11,1.73,1.38,1.36,1.56,1.69
08-03-2016,0,19.5,23.76,1.81,1.68,1.52,1.6,1.712
09-03-2016,22.5,21,23.84,1.84,1.66,1.49,1.61,1.752
10-03-2016,0,21.2,24.25,1.86,1.66,1.5,1.72,1.788
11-03-2016,0,0,23.96,1.9,1.71,1.55,1.74,1.822
12-03-2016,20.93,18,0,0,0,0,3.13,3.13
13-03-2016,0,0,0,0,0,0,3.13,3.13
14-03-2016,0,21.45,27.52,1.91,1.69,1.55,1.68,1.819
15-03-2016,0,21.38,29.95,1.95,1.76,1.6,1.81,1.851
16-03-2016,0,23.35,27.52,1.99,1.83,1.66,1.77,1.868
17-03-2016,0,22.67,25.79,1.95,1.76,1.58,1.84,1.936
18-03-2016,0,0,25.69,1.99,1.84,1.68,1.84,1.907
19-03-2016,22,20.86,0,0,0,0,3.13,3.13
20-03-2016,0,0,0,0,0,0,3.13,3.13
21-03-2016,0,22.25,37.43,2.04,1.84,1.7,1.79,1.828
22-03-2016,0,19.07,27.78,2,1.85,1.68,1.79,1.863
23-03-2016,0,0,24.3,2,1.85,1.68,1.79,1.794
24-03-2016,21,19.28,24.1,2.01,1.86,1.68,1.78,1.806
25-03-2016,0,0,23.82,0,0,0,1.78,3.13
26-03-2016,0,17.75,0,0,0,0,3.13,3.13
27-03-2016,0,0,0,0,0,0,3.13,3.13
28-03-2016,20.25,18,0,1.9,1.75,1.61,1.78,1.848
29-03-2016,0,16.51,30.55,1.89,1.78,1.61,1.77,1.903
30-03-2016,22.5,20.53,28.7,1.9,1.84,1.68,1.87,1.996
31-03-2016,0,20.61,26.65,1.95,1.98,1.81,1.98,1.959
01-04-2016,0,0,28.17,1.95,1.98,1.8,1.88,1.956
02-04-2016,21.53,18.87,0,0,0,0,3.13,3.13
03-04-2016,0,0,0,0,0,0,3.13,3.13
04-04-2016,21.5,19.5,33.14,1.85,1.84,1.68,1.96,1.998
05-04-2016,0,23,0,1.93,1.95,1.77,1.96,1.954
06-04-2016,25.64,23.3,0,1.93,1.97,1.8,1.91,1.911
07-04-2016,25.92,19.93,0,1.91,1.95,1.77,1.96,2.018
08-04-2016,0,0,0,1.93,1.97,1.81,1.99,1.99
09-04-2016,23.28,19.03,0,0,0,0,3.13,3.13
10-04-2016,0,0,0,0,0,0,3.13,3.13
11-04-2016,0,20.03,0,1.93,1.97,1.81,1.9,1.912
12-04-2016,24.42,18.29,0,1.89,1.94,1.77,1.97,2.004
13-04-2016,0,15.98,0,1.94,1.99,1.79,2.01,2.036
14-04-2016,0,15.39,0,1.97,1.97,1.83,1.93,1.97
15-04-2016,0,0,0,1.93,1.94,1.78,1.71,1.902
16-04-2016,0,15.13,0,0,0,0,3.13,3.13
17-04-2016,0,0,0,0,0,0,3.13,3.13
18-04-2016,27.17,24.67,0,1.84,1.82,1.66,1.76,1.94
19-04-2016,0,24.84,0,1.91,1.87,1.69,1.94,2.088
20-04-2016,0,23.17,0,2.01,1.98,1.83,1.94,2.069
21-04-2016,0,23.59,0,2.09,2.11,1.95,1.96,2.068
22-04-2016,0,0,0,2.03,2,1.84,1.92,2.14
23-04-2016,21.3,16.66,0,0,0,0,3.13,3.13
24-04-2016,0,0,0,0,0,0,3.13,3.13
25-04-2016,21.5,18.11,0,2.02,1.88,1.76,1.97,2.063
26-04-2016,0,16.8,0,2.09,2.07,1.91,1.97,2.032
27-04-2016,21.5,16.74,0,2.06,1.93,1.77,1.88,1.995
28-04-2016,0,14.64,0,2.03,1.98,1.81,1.88,2.078
29-04-2016,0,0,0,0,0,0,1.89,2.178
30-04-2016,0,14.35,0,1.98,1.97,1.8,3.13,3.13
01-05-2016,0,0,0,0,0,0,3.13,3.13
02-05-2016,0,23.68,0,1.98,1.9,1.82,1.91,2.042
03-05-2016,0,26.86,0,2.02,2.04,1.86,1.94,2.086
04-05-2016,25.06,25.21,0,2.05,2.11,1.96,2.03,2.141
05-05-2016,0,24.4,0,2.13,2.16,2,2.05,2.076
06-05-2016,0,0,0,2.11,2.16,1.99,1.86,2.101
07-05-2016,0,22.38,0,0,0,0,3.13,3.13
08-05-2016,0,0,0,0,0,0,3.13,3.13
09-05-2016,0,24.96,0,1.96,1.86,1.75,2.01,2.098
10-05-2016,0,25.4,0,2.12,2.13,1.97,2.01,2.158
11-05-2016,27.08,27.94,0,2.17,2.17,1.99,2.01,2.173
12-05-2016,0,29.22,0,2.12,2.14,1.98,2.01,2.155
13-05-2016,0,0,0,2.13,2.15,1.98,1.96,2.096
14-05-2016,0,22.5,0,0,0,0,3.13,3.13
15-05-2016,0,0,0,0,0,0,3.13,3.13
16-05-2016,0,23.5,0,1.94,1.86,1.8,1.91,2.029
17-05-2016,24.25,23.92,0,1.98,2.03,1.85,1.97,2.048
18-05-2016,26,26.25,0,1.97,2.03,1.85,1.91,2.001
19-05-2016,0,21.88,0,1.94,1.98,1.8,1.83,2.039
20-05-2016,0,0,0,1.83,1.87,1.71,1.81,2.062
21-05-2016,0,17.5,0,0,0,0,3.13,3.13
22-05-2016,0,0,0,0,0,0,3.13,3.13
23-05-2016,0,20.6,0,1.78,1.77,1.6,1.96,2.055
24-05-2016,0,19.99,0,1.99,2.04,1.85,1.91,1.98
25-05-2016,0,20.43,0,1.94,1.99,1.81,1.77,1.992
26-05-2016,0,0,0,1.82,1.85,1.68,1.77,1.963
27-05-2016,0,20.01,0,1.74,1.81,1.64,1.77,2.169
28-05-2016,18.06,15.79,0,0,0,0,3.13,3.13
29-05-2016,0,0,0,0,0,0,3.13,3.13
30-05-2016,0,0,0,0,0,0,1.77,3.13
31-05-2016,0,26.99,0,1.77,1.86,1.71,2.12,2.288
01-06-2016,29.48,28.32,0,2.28,2.28,2.1,2.25,2.381
02-06-2016,30.33,30.3,0,2.4,2.41,2.25,2.3,3.13
03-06-2016,0,0,0,2.42,2.45,2.28,2.31,2.398
04-06-2016,31.56,31.51,0,0,0,0,3.13,3.13
05-06-2016,0,0,0,0,0,0,3.13,3.13
06-06-2016,31.03,31.64,0,2.36,2.37,2.2,2.32,2.466
07-06-2016,28.33,27.91,0,2.37,2.39,2.21,2.32,2.474
08-06-2016,0,26.8,0,2.35,2.36,2.19,2.36,2.468
09-06-2016,0,27.63,0,2.37,2.4,2.22,2.34,2.617
10-06-2016,0,0,0,2.34,2.38,2.2,2.46,2.556
11-06-2016,0,24.71,0,0,0,0,3.13,3.13
12-06-2016,0,0,0,0,0,0,3.13,3.13
13-06-2016,0,26.57,0,2.36,2.32,2.18,2.55,2.585
14-06-2016,0,25.88,0,2.45,2.49,2.31,2.55,2.604
15-06-2016,25,25,0,2.45,2.46,2.3,2.62,2.595
16-06-2016,27.17,26.88,0,2.52,2.53,2.38,2.62,2.58
17-06-2016,0,0,0,2.55,2.59,2.4,2.59,2.623
18-06-2016,27.9,27.8,0,0,0,0,3.13,3.13
19-06-2016,0,0,0,0,0,0,3.13,3.13
20-06-2016,46.38,54.21,0,2.82,3.02,2.94,2.74,2.747
21-06-2016,36.09,46.39,0,2.98,3.13,3,2.79,2.768
22-06-2016,34.58,36.44,0,3.01,3.07,2.94,2.82,2.677
23-06-2016,0,34.17,0,3.02,2.99,2.86,2.69,2.698
24-06-2016,0,0,0,2.75,2.82,2.66,2.71,2.662
25-06-2016,31.25,33.77,0,0,0,0,3.13,3.13
26-06-2016,0,0,0,0,0,0,3.13,3.13
27-06-2016,42.45,44.77,0,2.75,2.85,2.66,2.79,2.716
28-06-2016,45.97,45.97,0,3.07,3.11,2.94,2.89,2.917
29-06-2016,0,0,0,3.16,3.21,3.04,2.94,2.863
30-06-2016,39.96,40.08,0,3.26,3.28,3.11,2.94,2.924
01-07-2016,0,0,0,3.26,2.92,2.81,2.89,2.987
02-07-2016,0,36.45,0,0,0,0,3.13,3.13
03-07-2016,0,0,0,0,0,0,3.13,3.13
04-07-2016,0,0,0,0,0,0,2.89,3.13
05-07-2016,0,37.5,0,3.05,2.68,2.72,2.82,2.764
06-07-2016,0,30.9,0,2.97,2.62,2.56,2.82,2.786
07-07-2016,0,30.07,0,2.66,2.46,2.45,2.78,2.777
08-07-2016,0,0,0,2.69,2.59,2.58,2.8,2.801
09-07-2016,29.42,29.57,0,0,0,0,3.13,3.13
10-07-2016,0,0,0,0,0,0,3.13,3.13
11-07-2016,0,31.75,0,2.69,2.63,2.6,2.88,2.702
12-07-2016,0,33.07,0,2.94,2.76,2.77,2.88,2.734
13-07-2016,35.63,37.09,0,2.91,2.74,2.69,2.81,2.737
14-07-2016,36,39.25,0,2.99,2.85,2.74,2.79,2.727
15-07-2016,0,0,0,2.99,2.77,2.73,2.7,2.756
16-07-2016,0,33.96,0,0,0,0,3.13,3.13
17-07-2016,0,0,0,0,0,0,3.13,3.13
18-07-2016,0,36.5,0,2.86,2.56,2.54,2.83,2.722
19-07-2016,33.75,35.44,0,3.03,2.91,2.81,2.83,2.728
20-07-2016,34.16,36.86,37.82,3.04,2.91,2.83,2.76,2.658
21-07-2016,36.52,44.08,52.15,3,3.02,2.84,2.76,2.692
22-07-2016,0,0,0,3.02,3.05,2.97,2.8,2.777
23-07-2016,0,45.84,59.04,0,0,0,3.13,3.13
24-07-2016,0,0,0,0,0,0,3.13,3.13
25-07-2016,51,50.52,49.49,3.14,3.65,3.52,2.8,2.747
26-07-2016,43.01,44.99,45.92,3.13,3.08,2.99,2.84,2.712
27-07-2016,47.16,48.58,55.32,3.1,3.17,3.04,2.84,2.672
28-07-2016,0,0,0,3.15,3.41,3.4,2.79,2.873
29-07-2016,61.4,62.44,70.93,0,0,0,2.97,2.876
30-07-2016,36,39.52,36.86,0,0,0,3.13,3.13
31-07-2016,0,0,0,3.12,3.2,3.12,3.13,3.13
01-08-2016,0,38.55,31.84,3.26,3.02,3,2.97,2.771
02-08-2016,38.09,38.74,32.03,3.19,2.92,2.9,2.79,2.733
03-08-2016,38.98,39.01,31.93,3.15,2.86,2.82,2.89,2.839
04-08-2016,39.72,39.34,32.77,3.18,2.79,2.77,2.89,2.834
05-08-2016,0,0,0,3.21,2.88,2.9,2.88,2.772
06-08-2016,34.52,34.7,32.14,0,0,0,3.13,3.13
07-08-2016,0,0,0,0,0,0,3.13,3.13
08-08-2016,38.04,38.71,40.84,3.19,2.74,2.75,2.85,2.748
09-08-2016,0,37.94,35.34,3.16,2.91,2.91,2.85,2.615
10-08-2016,0,37.06,31.1,3.16,2.77,2.76,2.76,2.561
11-08-2016,0,36.77,31.49,3.12,2.74,2.71,2.7,2.551
12-08-2016,0,0,0,3.09,2.7,2.67,2.7,2.586
13-08-2016,0,38.09,36.09,0,0,0,3.13,3.13
14-08-2016,0,0,0,0,0,0,3.13,3.13
15-08-2016,49.1,52.05,55.71,3.14,3.01,2.99,2.75,2.59
16-08-2016,0,50.01,62.48,3.2,3.55,3.56,2.75,2.617
17-08-2016,0,46.35,55.53,3.16,3.4,3.12,2.76,2.619
18-08-2016,42.55,45.06,45.63,3.15,3.07,2.9,2.75,2.674
19-08-2016,0,0,0,3.18,2.79,2.73,2.67,2.584
20-08-2016,39.58,39.33,37.39,0,0,0,3.13,3.13
21-08-2016,0,0,0,0,0,0,3.13,3.13
22-08-2016,37.5,37.05,33.76,3.12,2.63,2.57,2.75,2.679
23-08-2016,0,36.14,33.67,3.16,2.93,2.91,2.75,2.761
24-08-2016,0,35.25,32.9,3.2,2.77,2.77,2.82,2.796
25-08-2016,37.69,36.07,32.83,3.25,2.78,2.77,2.89,2.846
26-08-2016,0,0,0,3.3,2.8,2.77,2.91,2.871
27-08-2016,0,32.67,29.82,0,0,0,3.13,3.13
28-08-2016,0,0,0,0,0,0,3.13,3.13
29-08-2016,37.77,38.1,33.07,3.28,2.69,2.7,2.97,2.853
30-08-2016,38.21,39.59,32.26,3.37,3.09,2.99,2.95,2.827
31-08-2016,38.94,39.42,32.51,3.43,3.08,2.99,2.95,2.887
01-09-2016,0,0,0,3.37,2.98,2.84,2.95,2.792
02-09-2016,35.5,35.71,28.57,3.36,2.89,2.81,2.88,2.792
03-09-2016,30.75,28.46,25.45,0,0,0,3.13,3.13
04-09-2016,0,0,0,0,0,0,3.13,3.13
05-09-2016,0,0,0,0,0,0,2.88,3.13
06-09-2016,35.71,33.26,25.68,3.22,2.65,2.61,2.88,2.717
07-09-2016,38.77,36.31,25.2,3.27,2.9,2.72,2.77,2.676
08-09-2016,37.01,33.41,22.93,3.24,2.78,2.68,2.88,2.806
09-09-2016,0,0,0,3.27,2.77,2.69,2.93,2.797
10-09-2016,35.74,32.77,26.62,0,0,0,3.13,3.13
11-09-2016,0,0,0,0,0,0,3.13,3.13
12-09-2016,35.5,32.17,24.89,3.25,2.72,2.7,3.04,2.915
13-09-2016,35.29,31.3,24.22,3.33,2.88,2.84,3.04,2.909
14-09-2016,35.31,33.16,25.39,3.42,2.92,2.89,3.07,2.889
15-09-2016,36,34.01,26.58,3.42,2.95,2.94,2.98,2.927
16-09-2016,0,0,0,3.34,2.87,2.82,2.97,2.948
17-09-2016,34.83,32.36,25.34,0,0,0,3.13,3.13
18-09-2016,0,0,0,0,0,0,3.13,3.13
19-09-2016,0,39.25,29.25,3.31,2.78,2.74,3,2.934
20-09-2016,39.91,38.28,26.65,3.42,3.03,2.94,3.12,3.047
21-09-2016,39.74,38.56,27.01,3.51,3.05,2.95,3.19,3.057
22-09-2016,37.05,33.15,26.35,3.56,3.09,3.03,3.18,2.99
23-09-2016,0,0,0,3.55,3.04,3.04,3.06,2.955
24-09-2016,35,32.57,25.12,0,0,0,3.13,3.13
25-09-2016,0,0,0,0,0,0,3.13,3.13
26-09-2016,45.46,46.56,35.23,3.46,3.05,2.98,3.06,2.997
27-09-2016,46.2,46.24,29.64,3.55,3.24,3.05,3.09,2.996
28-09-2016,0,39.35,27.29,3.46,3.08,2.95,3.07,2.952
29-09-2016,0,0,0,3.41,2.99,2.84,2.98,2.959
30-09-2016,36.61,36,24.87,3.36,2.92,2.77,2.84,2.906
01-10-2016,33.48,30.27,24,0,0,0,3.13,3.13
02-10-2016,0,0,0,0,0,0,3.13,3.13
03-10-2016,34.48,31.19,23.21,2.68,1.39,2.59,2.84,2.923
04-10-2016,34.17,32.73,23.5,2.71,2.86,2.7,2.83,2.964
05-10-2016,34.5,32.09,23.19,2.68,2.86,2.69,2.83,3.041
06-10-2016,35.02,34.04,22.46,3.29,2.9,2.72,3.04,3.049
07-10-2016,0,0,0,3.42,1.2,2.87,3.02,3.193
08-10-2016,36.18,36.74,25.03,0,0,0,3.13,3.13
09-10-2016,0,0,0,0,0,0,3.13,3.13
10-10-2016,0,40.72,30.82,3.36,1.39,2.79,3.18,3.13
11-10-2016,37,36.46,29.7,3.48,3.2,2.97,3.17,3.237
12-10-2016,35.25,33.7,28.01,3.45,3.05,1.26,3.17,3.21
13-10-2016,0,32.98,27.04,3.37,3.03,2.85,3.16,3.341
14-10-2016,0,0,0,3.27,2.97,2.78,3.18,3.285
15-10-2016,33.64,28.73,23.36,0,0,0,3.13,3.13
16-10-2016,0,0,0,0,0,0,3.13,3.13
17-10-2016,0,32.18,24.8,3.27,2.74,2.72,3.21,3.244
18-10-2016,0,36.03,28.1,3.36,3.05,2.84,3.25,3.263
19-10-2016,37.75,38.14,30.54,3.37,3.14,2.95,3.18,3.17
20-10-2016,42.53,43.49,33.48,3.25,3.27,3.03,3.12,3.141
21-10-2016,0,0,0,3.24,3.18,2.98,2.92,2.993
22-10-2016,0,38.36,27.45,0,0,0,3.13,3.13
23-10-2016,0,0,0,0,0,0,3.13,3.13
24-10-2016,35.47,33.99,26.48,3.11,2.88,2.71,2.78,2.831
25-10-2016,0,33.25,25.41,3.13,2.88,2.7,2.69,2.774
26-10-2016,37.5,34.47,26.48,3.08,2.82,2.6,2.69,2.731
27-10-2016,39,36.88,29.38,3.07,2.84,2.63,2.72,2.764
28-10-2016,0,0,0,3.14,2.85,2.67,2.72,3.105
29-10-2016,36.02,35.31,25.27,0,0,0,3.13,3.13
30-10-2016,0,0,0,0,0,0,3.13,3.13
31-10-2016,0,32.29,23.24,3.05,2.64,2.54,2.85,3.026
01-11-2016,33.75,30.76,23.41,3.03,2.77,2.58,3.13,2.902
02-11-2016,0,29.91,23.35,2.61,2.37,2.25,2.53,2.792
03-11-2016,0,28.39,22.22,2.58,2.19,1.96,2.41,2.769
04-11-2016,0,0,0,2.54,2.35,2.13,2.2,2.767
05-11-2016,0,27.4,19.66,0,0,0,3.13,3.13
06-11-2016,0,0,0,0,0,0,3.13,3.13
07-11-2016,31,29.91,19.77,2.43,2.18,1.94,2.37,2.816
08-11-2016,32.5,32.8,22.17,2.59,2.46,2.25,2.34,2.633
09-11-2016,0,0,0,2.62,2.42,2.19,2.22,2.69
10-11-2016,0,35.23,19.68,2.54,2.35,2.12,2.08,2.632
11-11-2016,0,0,0,2.42,2.14,1.98,2.08,3.13
12-11-2016,0,31.03,19.44,0,0,0,3.13,3.13
13-11-2016,0,0,0,0,0,0,3.13,3.13
14-11-2016,0,29.15,20.29,2.25,1.98,1.82,2.26,2.749
15-11-2016,0,32.2,17.75,2.82,2.43,2.21,2.49,2.709
16-11-2016,0,28.44,17.32,2.94,2.51,2.3,2.49,2.764
17-11-2016,34.5,34.34,17.19,2.94,2.68,2.47,2.37,2.703
18-11-2016,0,0,0,2.78,2.52,2.33,2.6,2.843
19-11-2016,0,30.9,17.15,0,0,0,3.13,3.13
20-11-2016,0,0,0,0,0,0,3.13,3.13
21-11-2016,0,29.53,18.43,2.83,2.6,2.35,2.81,2.95
22-11-2016,0,0,0,3.28,2.98,2.79,2.73,2.982
23-11-2016,0,32.61,19.1,3.25,2.97,2.76,2.76,3.026
24-11-2016,0,0,0,0,0,0,2.76,3.13
25-11-2016,0,0,18.38,0,0,0,2.76,3.13
26-11-2016,0,0,0,0,0,0,3.13,3.13
27-11-2016,0,0,0,0,0,0,3.13,3.13
28-11-2016,0,0,18.34,3.18,2.82,2.63,2.96,3.232
29-11-2016,0,37.04,22.08,3.58,3.41,3.21,3.02,3.315
30-11-2016,0,35.72,24.75,3.61,3.31,3.14,3.32,3.352
01-12-2016,40.5,38.25,26.58,3.6,3.5,3.32,3.32,3.505
02-12-2016,0,0,0,3.69,3.6,3.39,3.44,3.436
03-12-2016,0,32.3,26.45,0,0,0,3.13,3.13
04-12-2016,0,0,0,0,0,0,3.13,3.13
05-12-2016,0,35.67,30.89,3.63,3.41,3.31,3.44,3.654
06-12-2016,43.06,33.85,30.11,3.8,3.85,3.62,3.75,3.635
07-12-2016,44.33,39.46,32.16,3.84,3.81,3.81,3.8,3.603
08-12-2016,43.18,40.54,33.7,3.79,3.84,3.74,3.68,3.695
09-12-2016,0,0,0,3.69,3.7,3.6,3.75,3.746
10-12-2016,37.5,35.21,28.65,0,0,0,3.13,3.13
11-12-2016,0,0,0,0,0,0,3.13,3.13
12-12-2016,0,41.1,30.34,3.83,3.73,3.68,3.6,3.507
13-12-2016,42.75,41.74,32.77,3.68,3.74,3.56,3.65,3.474
14-12-2016,45.53,45.13,29.43,3.71,3.75,3.55,3.55,3.54
15-12-2016,0,40.18,28.78,3.65,3.66,3.49,3.56,3.13
16-12-2016,0,0,0,3.68,3.71,3.54,3.51,3.415
17-12-2016,0,38.83,29.8,0,0,0,3.13,3.13
18-12-2016,0,0,0,0,0,0,3.13,3.13
19-12-2016,0,39.54,28.55,3.68,3.92,3.82,3.55,3.392
20-12-2016,38.25,36.24,28.35,3.71,3.84,3.68,3.39,3.263
21-12-2016,0,0,0,3.6,3.55,3.37,3.5,3.542
22-12-2016,0,35.02,27.58,3.73,3.54,3.38,3.5,3.538
23-12-2016,0,0,0,3.76,3.61,3.46,3.6,3.662
24-12-2016,0,32.61,25.5,0,0,0,3.13,3.13
25-12-2016,0,0,0,0,0,0,3.13,3.13
26-12-2016,0,0,0,0,0,0,3.6,3.13
27-12-2016,0,36,26.23,3.85,3.74,3.56,3.7,3.761
28-12-2016,0,0,25.86,3.87,3.75,3.59,3.7,3.93
29-12-2016,0,36.75,25.53,3.87,3.67,3.56,3.71,3.802
30-12-2016,0,0,0,0,0,0,3.71,3.724
31-12-2016,0,34.16,23.63,3.98,3.65,3.58,3.13,3.13
01-01-2017,0,0,0,0,0,0,3.13,3.13
02-01-2017,0,0,0,0,0,0,3.71,3.13
03-01-2017,0,47.58,33.39,4.04,4.06,3.77,3.41,3.327
04-01-2017,41,37.93,27.14,3.66,3.76,3.44,3.42,3.267
05-01-2017,42.9,38.1,0,3.57,3.61,3.44,3.42,3.273
06-01-2017,0,0,0,3.46,3.47,3.31,3.38,3.285
07-01-2017,36.03,34.38,0,0,0,0,3.13,3.13
08-01-2017,0,0,0,0,0,0,3.13,3.13
09-01-2017,35.92,32.83,0,3.48,3.34,3.17,3.14,3.103
10-01-2017,36.82,35.02,0,3.35,3.29,3.04,3.21,3.278
11-01-2017,0,36.98,0,3.45,3.37,3.2,3.27,3.224
12-01-2017,0,0,0,3.53,3.5,3.27,3.36,3.386
13-01-2017,40.4,38.78,0,3.62,3.67,3.43,3.36,3.419
14-01-2017,34.75,32.5,0,0,0,0,3.13,3.13
15-01-2017,0,0,0,0,0,0,3.13,3.13
16-01-2017,0,0,0,0,0,0,3.36,3.13
17-01-2017,37.5,35.43,0,3.66,3.62,3.39,3.37,3.412
18-01-2017,36.13,35.06,0,3.66,3.62,3.35,3.26,3.302
19-01-2017,35.25,34.67,0,3.61,3.6,3.27,3.25,3.368
20-01-2017,0,0,0,3.55,3.55,3.2,3.23,3.204
21-01-2017,35,32.68,0,0,0,0,3.13,3.13
22-01-2017,0,0,0,0,0,0,3.13,3.13
23-01-2017,0,36.42,0,3.56,3.46,3.15,3.16,3.243
24-01-2017,38.5,37.74,0,3.54,3.66,3.28,3.16,3.279
25-01-2017,39,37.62,0,3.63,3.76,3.44,3.26,3.332
26-01-2017,0,38.75,0,3.66,3.66,3.44,3.44,3.382
27-01-2017,0,0,0,3.76,3.69,3.46,3.31,3.391
28-01-2017,0,34.06,0,0,0,0,3.13,3.13
29-01-2017,0,0,0,0,0,0,3.13,3.13
30-01-2017,0,34.38,0,3.62,3.37,3.21,3.22,3.232
31-01-2017,35.25,32.44,0,3.55,3.49,3.12,3,3.117
01-02-2017,35.1,33.13,0,3.45,3.3,2.99,3.15,3.168
02-02-2017,37.42,33.93,0,3.5,3.31,3.02,3.13,3.187
03-02-2017,0,0,0,3.43,3.23,2.93,3.13,3.063
04-02-2017,0,29.88,0,0,0,0,3.13,3.13
05-02-2017,0,0,0,0,0,0,3.13,3.13
06-02-2017,34,31.75,0,3.36,3.01,2.84,2.92,3.05
07-02-2017,33.66,30.19,0,3.32,3,2.76,3.03,3.13
08-02-2017,0,34.06,0,3.45,3.18,2.93,3.05,3.126
09-02-2017,34.67,31.78,0,3.39,3.06,2.85,3.11,3.141
10-02-2017,0,0,0,3.47,3.22,2.93,3.11,3.034
11-02-2017,0,28.85,0,0,0,0,3.13,3.13
12-02-2017,0,0,0,0,0,0,3.13,3.13
13-02-2017,0,31.45,0,3.32,2.92,2.75,2.93,2.944
14-02-2017,35.75,33.03,0,3.31,3.1,2.8,2.85,2.905
15-02-2017,0,29.43,0,3.29,3.04,2.76,2.95,2.925
16-02-2017,0,0,0,3.3,3.05,2.77,2.88,2.854
17-02-2017,33.25,29.16,0,3.25,3.02,2.71,2.75,2.834
18-02-2017,0,26.48,0,0,0,0,3.13,3.13
19-02-2017,0,0,0,0,0,0,3.13,3.13
20-02-2017,0,0,0,0,0,0,2.75,3.13
21-02-2017,0,27.83,0,3.19,2.93,2.58,2.56,2.564
22-02-2017,0,23.24,0,3.14,2.83,2.53,2.52,2.592
23-02-2017,30.7,21.59,0,3.06,2.82,2.46,2.63,2.617
24-02-2017,0,0,0,3.11,2.87,2.51,2.63,2.627
25-02-2017,30.17,22.58,0,0,0,0,3.13,3.13
26-02-2017,0,0,0,0,0,0,3.13,3.13
27-02-2017,0,0,0,3.04,2.84,2.47,2.44,2.693
28-02-2017,0,22.09,0,2.97,2.9,2.41,2.54,2.774
01-03-2017,27.75,23.55,0,3.02,2.78,2.45,2.54,2.799
02-03-2017,0,22.95,0,3.07,2.83,2.52,2.59,2.804
03-03-2017,0,0,0,3.03,2.77,2.47,2.5,2.827
04-03-2017,0,18.5,0,0,0,0,3.13,3.13
05-03-2017,0,0,0,0,0,0,3.13,3.13
06-03-2017,25.57,18.68,0,3.05,2.74,2.46,2.68,2.901
07-03-2017,26,23.83,0,3.16,2.9,2.58,2.68,2.824
08-03-2017,0,23.55,0,3.06,2.81,2.47,2.59,2.901
09-03-2017,27,25.2,0,3.15,2.9,2.6,2.83,2.974
10-03-2017,0,0,0,3.16,2.91,2.7,2.98,3.008
11-03-2017,0,21.96,0,0,0,0,3.13,3.13
12-03-2017,0,0,0,0,0,0,3.13,3.13
13-03-2017,28.5,27.72,0,3.22,2.65,2.7,3.04,3.043
14-03-2017,32.13,31.24,0,3.22,3.1,2.82,3.02,2.938
15-03-2017,32.75,32.48,0,3.18,2.85,2.76,3.02,2.981
16-03-2017,0,28.07,0,3.15,2.93,2.64,2.84,2.902
17-03-2017,0,0,0,3.07,2.77,2.51,2.85,2.948
18-03-2017,23.5,21.5,0,0,0,0,3.13,3.13
19-03-2017,0,0,0,0,0,0,3.13,3.13
20-03-2017,0,29.04,0,3.06,2.77,2.51,2.93,3.041
21-03-2017,0,29.22,0,3.16,3.02,2.72,3.09,3.093
22-03-2017,0,30.05,0,3.26,3.09,2.76,3.02,3.011
23-03-2017,23.86,21.39,0,3.19,3.07,2.71,2.93,3.051
24-03-2017,0,0,0,3.18,3.01,2.69,2.97,3.076
25-03-2017,0,19.3,0,0,0,0,3.13,3.13
26-03-2017,0,0,0,0,0,0,3.13,3.13
27-03-2017,19.67,20.13,0,3.17,2.86,2.65,2.94,3.052
28-03-2017,23.3,22.39,0,3.22,3.01,2.69,2.95,3.096
29-03-2017,0,21.68,0,3.15,2.93,2.65,3.03,3.175
30-03-2017,0,0,0,3.2,3.01,2.73,3.08,3.191
31-03-2017,15.4,14.7,0,3.21,3,2.72,3.13,3.19
01-04-2017,0,14.04,0,0,0,0,3.13,3.13
02-04-2017,0,0,0,0,0,0,3.13,3.13
03-04-2017,23,21.82,0,3.21,3.09,2.7,3.13,3.128
04-04-2017,0,25.76,0,3.23,3.16,2.84,3.06,3.293
05-04-2017,0,26.67,0,3.29,3.2,2.86,3.22,3.266
06-04-2017,0,27.49,0,3.39,3.32,2.99,3.23,3.331
07-04-2017,0,0,0,3.37,3.26,2.93,3.23,3.261
08-04-2017,0,21.25,21.25,0,0,0,3.13,3.13
09-04-2017,0,0,0,0,0,0,3.13,3.13
10-04-2017,27.75,27.46,27.46,3.37,3.2,2.86,3.15,3.238
11-04-2017,0,29.19,29.19,3.35,3.23,2.88,3.11,3.15
12-04-2017,0,0,0,3.31,3.2,2.85,2.97,3.187
13-04-2017,0,28.63,28.63,3.32,3.25,2.84,3,3.227
14-04-2017,0,0,0,0,0,0,3,3.13
15-04-2017,22,24.1,24.1,0,0,0,3.13,3.13
16-04-2017,0,0,0,0,0,0,3.13,3.13
17-04-2017,0,28.57,28.57,3.34,3.16,2.82,3.09,3.163
18-04-2017,0,31.12,31.12,3.35,3.18,2.83,3.11,3.145
19-04-2017,27.46,28.78,28.78,3.36,3.15,2.83,3.11,3.185
20-04-2017,0,26.07,26.07,3.35,3.2,2.87,3.13,3.159
21-04-2017,0,0,0,3.33,3.18,2.85,3.06,3.101
22-04-2017,28.25,35.02,35.02,0,0,0,3.13,3.13
23-04-2017,0,0,0,0,0,0,3.13,3.13
24-04-2017,29.88,33.44,33.44,3.32,3.06,2.74,3.06,3.066
25-04-2017,0,26.06,26.06,3.24,3.07,2.75,2.99,3.043
26-04-2017,26.5,27.39,27.39,3.21,3.05,2.7,3.06,3.142
27-04-2017,0,0,0,3.27,3.1,2.74,3.13,3.239
28-04-2017,0,23.35,23.35,0,0,0,3.2,3.276
29-04-2017,0,22.72,22.72,0,0,0,3.13,3.13
30-04-2017,0,0,0,3.28,3.1,2.77,3.13,3.13
01-05-2017,32.75,32.34,32.34,3.36,3.17,2.81,3.2,3.215
02-05-2017,36.42,35.27,35.27,3.33,3.16,2.82,3.13,3.195
03-05-2017,46.45,42.36,42.36,3.29,3.11,2.76,3.14,3.228
04-05-2017,43.68,41.62,41.62,3.27,3.17,2.83,3.11,3.186
05-05-2017,0,0,0,3.31,3.19,2.85,3.1,3.266
06-05-2017,0,24.82,24.82,0,0,0,3.13,3.13
07-05-2017,0,0,0,0,0,0,3.13,3.13
08-05-2017,32.45,30.03,30.03,3.31,3.13,2.8,3.06,3.172
09-05-2017,35.33,34.17,34.17,3.27,3.11,2.76,3.03,3.227
10-05-2017,0,30.89,30.89,3.32,3.13,2.78,3.03,3.292
11-05-2017,31.67,33.55,33.55,3.42,3.23,2.89,3.23,3.376
12-05-2017,0,0,0,3.48,3.29,2.95,3.24,3.424
13-05-2017,24.25,22.73,22.73,0,0,0,3.13,3.13
14-05-2017,0,0,0,0,0,0,3.13,3.13
15-05-2017,26.05,25.22,25.22,3.51,3.28,2.94,3.26,3.349
16-05-2017,0,22.61,22.61,3.5,3.32,2.97,3.27,3.23
17-05-2017,0,24.18,24.18,3.41,3.23,2.86,3.27,3.192
18-05-2017,0,29.56,29.56,3.35,3.17,2.82,3.13,3.182
19-05-2017,0,0,0,3.33,3.13,2.8,3.11,3.256
20-05-2017,0,31.63,31.63,0,0,0,3.13,3.13
21-05-2017,0,0,0,0,0,0,3.13,3.13
22-05-2017,0,43.43,43.43,3.35,3.21,2.82,3.24,3.33
23-05-2017,52.36,45.16,45.16,3.46,3.32,2.96,3.22,3.219
24-05-2017,0,30.5,30.5,3.48,3.33,3,3.22,3.209
25-05-2017,0,0,0,3.38,3.25,2.92,3.1,3.184
26-05-2017,0,24.51,24.51,3.42,3.26,2.94,3.1,3.236
27-05-2017,0,0,0,0,0,0,3.13,3.13
28-05-2017,0,0,0,0,0,0,3.13,3.13
29-05-2017,0,0,0,0,0,0,3.1,3.13
30-05-2017,0,38.95,38.95,3.37,3.18,2.83,3.1,3.145
31-05-2017,0,29.84,29.84,3.31,3.15,2.78,3.05,3.071
01-06-2017,0,30.52,30.52,3.22,3.09,2.7,3.05,3.008
02-06-2017,0,0,0,3.1,2.94,2.62,2.85,2.999
03-06-2017,30,30.46,30.46,0,0,0,3.13,3.13
04-06-2017,0,0,0,0,0,0,3.13,3.13
05-06-2017,0,35.25,35.25,2.99,2.83,2.47,2.92,2.982
06-06-2017,33,33.22,33.22,3.11,3.08,2.76,2.92,3.042
07-06-2017,0,34.05,34.05,3.18,3.11,2.81,3.06,3.02
08-06-2017,0,30.08,30.08,3.17,3.17,2.82,2.98,3.028
09-06-2017,0,0,0,3.13,3.04,2.73,3.03,3.039
10-06-2017,0,20.93,20.93,0,0,0,3.13,3.13
11-06-2017,0,0,0,0,0,0,3.13,3.13
12-06-2017,0,25.09,25.09,3.08,2.88,2.52,3.12,3.024
13-06-2017,0,26.39,26.39,3.16,3.03,2.62,3.12,2.966
14-06-2017,0,31.15,31.15,3.06,2.93,2.6,2.95,2.933
15-06-2017,0,32.4,32.4,3.06,3.06,2.7,2.94,3.056
16-06-2017,0,0,0,3.08,3.14,2.79,3.01,3.037
17-06-2017,0,35.85,35.85,0,0,0,3.13,3.13
18-06-2017,0,0,0,0,0,0,3.13,3.13
19-06-2017,53.59,52.43,52.43,3.17,3.26,2.91,2.87,2.894
20-06-2017,59.6,57.78,57.78,3.14,3.83,3.4,2.91,2.907
21-06-2017,85.14,79.29,79.29,3.14,4.15,3.77,2.91,2.893
22-06-2017,84.17,75.89,75.89,3.19,3.99,3.63,2.88,2.894
23-06-2017,0,0,0,3.15,3.37,2.85,2.89,2.929
24-06-2017,0,40.12,40.12,0,0,0,3.13,3.13
25-06-2017,0,0,0,0,0,0,3.13,3.13
26-06-2017,0,40.63,40.63,3.12,3.01,2.66,2.98,3.027
27-06-2017,0,32.01,32.01,3.2,3.11,2.75,2.99,3.037
28-06-2017,0,29.83,29.83,3.18,3.09,2.76,3.03,3.067
29-06-2017,0,0,0,3.19,3.08,2.75,3.07,3.042
30-06-2017,0,33.61,33.61,3.18,3.08,2.74,2.98,3.035
01-07-2017,0,27.36,27.36,0,0,0,3.13,3.13
02-07-2017,0,0,0,0,0,0,3.13,3.13
03-07-2017,0,32.58,32.58,0,0,0,2.98,2.951
04-07-2017,0,0,0,0,0,0,2.98,3.13
05-07-2017,0,42.15,42.15,3.06,2.82,2.56,2.98,2.84
06-07-2017,0,57.45,57.45,3.15,3.35,3,2.89,2.888
07-07-2017,0,0,0,3.16,3.62,3.31,2.91,2.864
08-07-2017,49.5,52.96,52.96,0,0,0,3.13,3.13
09-07-2017,0,0,0,0,0,0,3.13,3.13
10-07-2017,0,42.69,42.69,3.16,3.21,2.89,2.92,2.929
11-07-2017,0,38.53,38.53,3.18,3.21,2.93,2.98,3.047
12-07-2017,0,38.79,38.79,3.29,3.2,2.92,3.01,2.985
13-07-2017,0,40.15,40.15,3.3,3.17,2.85,2.96,2.961
14-07-2017,0,0,0,3.23,3.11,2.78,2.94,2.98
15-07-2017,0,39,39,0,0,0,3.13,3.13
16-07-2017,0,0,0,0,0,0,3.13,3.13
17-07-2017,42,43,43,3.22,3.16,2.81,3.04,3.02
18-07-2017,0,38.95,38.95,3.32,3.23,2.89,3.11,3.088
19-07-2017,0,40.88,40.88,3.34,3.19,2.85,3.11,3.066
20-07-2017,0,38.22,38.22,3.37,3.2,2.84,3.12,3.043
21-07-2017,0,0,0,3.37,3.27,2.92,3.06,2.97
22-07-2017,38.55,38.88,38.88,0,0,0,3.13,3.13
23-07-2017,0,0,0,0,0,0,3.13,3.13
24-07-2017,0,43.7,43.7,3.3,3.22,2.83,2.99,2.899
25-07-2017,0,43.91,43.91,3.3,3.2,2.85,2.99,2.944
26-07-2017,0,42.98,42.98,3.29,3.18,2.86,2.92,2.924
27-07-2017,0,42,42,3.28,3.22,2.89,2.95,2.969
28-07-2017,0,0,0,3.29,3.23,2.89,2.96,2.941
29-07-2017,0,40.59,40.59,0,0,0,3.13,3.13
30-07-2017,0,0,0,0,0,0,3.13,3.13
31-07-2017,0,47.03,47.03,3.29,3.15,2.79,2.87,2.794
01-08-2017,75,73.59,73.59,3.25,3.5,3.16,2.8,2.819
02-08-2017,0,128.59,128.59,3.2,3.51,3.2,2.8,2.811
03-08-2017,0,82.16,82.16,3.25,3.56,3.27,2.76,2.8
04-08-2017,0,0,0,3.25,3.36,3.02,2.76,2.774
05-08-2017,0,41.16,41.16,0,0,0,3.13,3.13
06-08-2017,0,0,0,0,0,0,3.13,3.13
07-08-2017,0,41.74,41.74,3.18,3.15,2.85,2.8,2.801
08-08-2017,0,42.67,42.67,3.19,2.97,2.66,2.81,2.822
09-08-2017,0,44.13,44.13,3.2,3.03,2.69,2.81,2.883
10-08-2017,0,41.72,41.72,3.26,3.23,2.92,2.89,2.985
11-08-2017,0,0,0,3.28,3.25,2.9,2.96,2.983
12-08-2017,0,0,0,0,0,0,3.13,3.13
13-08-2017,0,0,0,0,0,0,3.13,3.13
14-08-2017,0,35.92,35.92,3.3,3.04,2.75,3.02,2.959
15-08-2017,33.35,31.22,31.22,3.29,2.99,2.75,2.96,2.935
16-08-2017,0,33.71,33.71,3.26,2.8,2.68,2.94,2.89
17-08-2017,0,35.6,35.6,3.22,2.76,2.65,2.91,2.929
18-08-2017,0,0,0,3.23,2.93,2.68,2.9,2.893
19-08-2017,0,33.92,33.92,0,0,0,3.13,3.13
20-08-2017,0,0,0,0,0,0,3.13,3.13
21-08-2017,0,43.01,43.01,3.25,2.89,2.68,3,2.962
22-08-2017,0,40.7,40.7,3.28,3.08,2.77,3,2.939
23-08-2017,0,39.12,39.12,3.36,3.24,2.93,2.94,2.928
24-08-2017,0,36.89,36.89,3.31,3.2,2.86,2.97,2.949
25-08-2017,0,0,0,3.37,3.19,2.84,2.93,2.892
26-08-2017,0,40.92,40.92,0,0,0,3.13,3.13
27-08-2017,0,0,0,0,0,0,3.13,3.13
28-08-2017,102.2,118.18,118.18,3.32,3.26,2.93,2.95,2.925
29-08-2017,132.97,139.88,139.88,3.36,3.88,3.75,2.95,2.961
30-08-2017,70.25,76.77,76.77,3.39,4.79,4.75,2.95,2.939
31-08-2017,79.33,81.18,81.18,3.36,4.6,4.28,2.92,3.04
01-09-2017,0,0,0,3.35,4.17,3.84,2.88,3.07
02-09-2017,110,105.54,105.54,0,0,0,3.13,3.13
03-09-2017,0,0,0,0,0,0,3.13,3.13
04-09-2017,0,0,0,0,0,0,2.88,3.13
05-09-2017,0,83.16,83.16,3.4,3.81,3.5,2.88,2.972
06-09-2017,0,44.39,44.39,3.35,3.37,3,2.98,3
07-09-2017,41.67,40.04,40.04,3.37,3.25,2.94,2.92,2.981
08-09-2017,0,0,0,3.36,3.18,2.89,2.88,2.89
09-09-2017,0,35.1,35.1,0,0,0,3.13,3.13
10-09-2017,0,0,0,0,0,0,3.13,3.13
11-09-2017,44.14,41.35,41.35,3.28,3.03,2.71,2.88,2.95
12-09-2017,0,42.85,42.85,3.32,3.08,2.78,2.88,3.001
13-09-2017,0,37.32,37.32,3.38,3.17,2.87,3.02,3.058
14-09-2017,0,33.44,33.44,3.4,3.15,2.87,3.03,3.07
15-09-2017,0,0,0,3.38,3.07,2.8,3,3.024
16-09-2017,32.75,30.19,30.19,0,0,0,3.13,3.13
17-09-2017,0,0,0,0,0,0,3.13,3.13
18-09-2017,0,32.65,32.65,3.26,2.87,2.67,3.11,3.146
19-09-2017,0,30.89,30.89,3.39,3.23,2.9,3.18,3.122
20-09-2017,34,30.03,30.03,3.36,3.1,2.93,3.13,3.094
21-09-2017,31.38,29.55,29.55,3.31,3.04,2.74,3.11,2.946
22-09-2017,0,0,0,3.22,2.99,2.69,2.93,2.959
23-09-2017,0,29,29,0,0,0,3.13,3.13
24-09-2017,0,0,0,0,0,0,3.13,3.13
25-09-2017,39,35.48,35.48,3.14,2.81,2.56,2.96,2.919
26-09-2017,38.75,37.46,37.46,3.24,3.08,2.74,2.96,2.918
27-09-2017,41.7,38.02,38.02,3.16,3,2.66,2.98,2.974
28-09-2017,40.87,37.26,37.26,3.19,2.98,2.65,2.96,3.017
29-09-2017,0,0,0,0,0,0,2.94,3.007
30-09-2017,0,30.18,30.18,3.16,2.87,2.52,3.13,3.13
01-10-2017,0,0,0,0,0,0,3.13,3.13
02-10-2017,0,30.5,30.5,3.07,2.84,2.5,2.94,2.916
03-10-2017,0,33.1,33.1,3.03,3.29,2.63,2.73,2.895
04-10-2017,0,33.82,33.82,3.07,3.28,2.44,2.8,2.94
05-10-2017,0,35.95,35.95,3.15,3.12,2.53,2.8,2.923
06-10-2017,0,0,0,3.16,3.06,2.69,2.93,2.863
07-10-2017,0,35.5,35.5,0,0,0,3.13,3.13
08-10-2017,0,0,0,0,0,0,3.13,3.13
09-10-2017,0,36.44,36.44,3.09,2.91,2.6,2.87,3.13
10-10-2017,0,37.5,37.5,3.05,3.05,2.59,2.89,2.891
11-10-2017,0,34.74,34.74,3.08,3.03,2.6,2.89,2.889
12-10-2017,35.75,33.25,33.25,3.13,3.14,2.7,2.95,2.989
13-10-2017,0,0,0,3.16,3.12,2.67,2.99,3
14-10-2017,0,33.42,33.42,0,0,0,3.13,3.13
15-10-2017,0,0,0,0,0,0,3.13,3.13
16-10-2017,0,46.84,46.84,3.17,3,2.67,2.87,2.946
17-10-2017,53.44,56.57,56.57,3.18,5.22,3.03,2.88,2.962
18-10-2017,0,55.56,55.56,3.31,4.99,2.99,2.81,2.854
19-10-2017,0,40.99,40.99,3.18,4,2.84,2.83,2.873
20-10-2017,0,0,0,3.15,3.67,2.7,2.8,2.915
21-10-2017,0,35,35,0,0,0,3.13,3.13
22-10-2017,0,0,0,0,0,0,3.13,3.13
23-10-2017,66.08,78.11,78.11,3.13,3.59,2.71,2.95,2.991
24-10-2017,104.5,120.9,120.9,3.29,12.58,4.47,2.95,2.974
