tradedate,mean_price
12/14/01,49.452728
12/17/01,51.033333
12/18/01,55.903999
12/19/01,48.996002
12/20/01,44.610001
12/21/01,46.794003
12/26/01,51.90889
12/27/01,47.474285
12/28/01,44.609093
01-02-2002,48.370716
01-03-2002,44.335999
01-04-2002,46.954613
01-07-2002,47.439999
01-08-2002,46.000835
01-09-2002,49.209
01-10-2002,46.435555
01-11-2002,43.111668
1/14/02,48.744446
1/15/02,47.684998
1/16/02,49.151249
1/17/02,46.013638
1/18/02,45.298
1/21/02,46.448334
1/22/02,46.448334
1/23/02,50.609001
1/24/02,48.611
1/25/02,47.288998
1/28/02,48.721001
1/29/02,47.461819
1/30/02,50.37125
1/31/02,49.233334
02-01-2002,48.144165
02-04-2002,48.870003
02-05-2002,47.770908
02-06-2002,50.194
02-07-2002,45.486362
02-08-2002,43.689999
02-11-2002,49.938889
02-12-2002,46.695999
2/13/02,43.290001
2/14/02,42.754547
2/15/02,41.143639
2/19/02,47.095455
2/20/02,52.776665
2/21/02,45.894001
2/22/02,46.709091
2/25/02,52.298183
2/26/02,49.48111
2/27/02,44.37125
2/28/02,47.906666
03-01-2002,46.100834
03-04-2002,48.263638
03-05-2002,48.468182
03-06-2002,52.142998
03-07-2002,44.668999
03-08-2002,46.925835
03-11-2002,47.234547
03-12-2002,48.074547
3/13/02,50.013
3/14/02,44.745998
3/15/02,46.41
3/18/02,45.779091
3/19/02,45.873634
3/20/02,45.057777
3/21/02,45.041
3/22/02,47.796364
3/25/02,45.550911
3/26/02,46.392727
3/27/02,49.123333
3/28/02,38.48
3/29/02,45.116154
04-01-2002,50.906666
04-02-2002,49.990002
04-03-2002,53.037998
04-04-2002,46.787777
04-05-2002,44.636925
04-08-2002,48.993
04-09-2002,49.106998
04-10-2002,52.895
04-11-2002,49.433998
04-12-2002,46.049091
4/15/02,46.868999
4/18/02,50.029999
4/19/02,46.542309
4/22/02,46.955456
4/23/02,48.913002
4/24/02,51.148998
4/25/02,47.568001
4/26/02,45.066666
4/29/02,47.629089
4/30/02,48.372726
05-01-2002,52.067272
05-02-2002,47.485001
05-03-2002,44.796665
05-06-2002,46.41
05-07-2002,48.359093
05-08-2002,49.888
05-09-2002,47.778999
05-10-2002,46.01923
5/13/02,50.869091
5/14/02,53.394547
5/15/02,55.102001
5/16/02,50.396
5/17/02,47.064167
5/20/02,50.980999
5/21/02,50.978889
5/22/02,42.433334
5/24/02,46.494286
5/28/02,49.758999
5/29/02,52.075554
5/30/02,39.831001
5/31/02,46.84
06-03-2002,50.48
06-04-2002,50.385834
06-05-2002,50.132999
06-06-2002,46.543999
06-07-2002,42.915833
06-10-2002,43.952728
06-11-2002,47.094543
06-12-2002,52.380001
6/13/02,49.652
6/14/02,46.700832
6/17/02,51.692726
6/18/02,55.68
6/19/02,59.085999
6/20/02,59.042
6/21/02,49.203335
6/24/02,52.167274
6/25/02,56.065453
6/26/02,58.273003
6/27/02,45.550907
6/28/02,56.934544
07-01-2002,62.640999
07-02-2002,65.864998
07-03-2002,51.238335
07-05-2002,52.791817
07-08-2002,57.630909
07-09-2002,59.494545
07-10-2002,61.182999
07-11-2002,56.521999
07-12-2002,53.615833
7/15/02,56.126366
7/16/02,58.799091
7/17/02,64.035004
7/18/02,60.066998
7/19/02,54.561668
7/22/02,55.067272
7/23/02,57.932499
7/24/02,57.315556
7/25/02,51.048889
7/26/02,52.008331
7/29/02,53.301109
7/30/02,52.014999
7/31/02,52.329166
08-01-2002,52.548
08-02-2002,48.619167
08-05-2002,49.575455
08-06-2002,49.170834
08-07-2002,57.366669
08-08-2002,53.242001
08-09-2002,52.262726
08-12-2002,50.912727
8/13/02,56.312729
8/14/02,59.740002
8/15/02,58.862
8/16/02,48.635002
8/19/02,47.810909
8/20/02,50.408184
8/21/02,53.718998
8/22/02,52.192001
8/23/02,48.67923
8/26/02,48.123001
8/27/02,51.482727
8/28/02,52.709091
8/29/02,43.801113
8/30/02,43.801113
09-03-2002,45.523335
09-04-2002,47.674442
09-05-2002,57.088749
09-06-2002,46.794998
09-09-2002,48.345455
09-10-2002,55.376366
09-11-2002,57.058998
09-12-2002,48.633999
9/13/02,46.345833
9/16/02,44.743637
9/17/02,46.127274
9/18/02,51.43
9/19/02,49.622002
9/20/02,49.432499
9/23/02,45.553635
9/24/02,45.935455
9/25/02,52.402
9/26/02,50.958889
9/27/02,43.506668
9/30/02,49.996666
10-01-2002,47.556667
10-02-2002,55.581001
10-03-2002,50.732998
10-04-2002,47.386665
10-07-2002,45.702999
10-08-2002,48.075455
10-09-2002,54.158001
10-10-2002,50.014
10-11-2002,49.192726
10/14/02,51.024548
10/15/02,49.397274
10/16/02,55.612
10/17/02,52.632999
10/18/02,49.253845
10/21/02,48.447777
10/23/02,48.08091
10/24/02,48.08091
10/25/02,51.075001
10/28/02,49.01091
10/29/02,50.668999
10/30/02,57.865715
10/31/02,51.279999
11-01-2002,46.618183
11-04-2002,45.206364
11-05-2002,51.605453
11-06-2002,53.59
11-07-2002,45.306362
11-08-2002,45.634167
11-12-2002,47.104546
11/13/02,52.392223
11/14/02,46.280998
11/15/02,46.041668
11/18/02,43.877274
11/19/02,47.014545
11/20/02,49.57
11/21/02,44.915714
11/22/02,46.845001
11/25/02,47.021999
11/26/02,52.778751
11/27/02,50.086155
12-02-2002,49.121819
12-03-2002,52.029999
12-04-2002,56.688
12-05-2002,55.542
12-06-2002,56.26091
12-09-2002,51.643002
12-10-2002,52.654545
12-11-2002,59.125
12-12-2002,56.343002
12/13/02,53.167271
12/16/02,49.452728
12/17/02,51.033333
12/18/02,55.903999
12/19/02,48.996002
12/20/02,41.167145
12/23/02,44.610001
12/24/02,46.794003
12/26/02,51.90889
12/27/02,45.93
12/30/02,47.474285
12/31/02,44.609093
01-02-2003,48.370716
01-03-2003,45.514614
01-06-2003,46.954613
01-07-2003,47.439999
01-08-2003,46.000835
01-09-2003,49.209
01-10-2003,46.821251
1/13/03,43.111668
1/14/03,48.744446
1/15/03,47.684998
1/16/03,51.056
1/17/03,46.148888
1/21/03,50.584446
1/22/03,46.448334
1/23/03,50.609001
1/24/03,43.782726
1/27/03,47.288998
1/28/03,48.721001
1/29/03,47.461819
1/30/03,49.233334
1/31/03,45.923637
02-03-2003,48.144165
02-04-2003,48.870003
02-05-2003,47.770908
02-06-2003,50.194
02-07-2003,42.425453
02-10-2003,43.689999
02-11-2003,49.938889
02-12-2003,46.695999
2/13/03,48.123333
2/14/03,45.971668
2/18/03,47.401112
2/19/03,47.095455
2/20/03,52.776665
2/21/03,42.234547
2/24/03,46.709091
2/25/03,52.298183
2/26/03,49.48111
2/27/03,47.906666
2/28/03,43.392727
03-03-2003,46.100834
03-04-2003,48.263638
03-05-2003,48.468182
03-06-2003,52.142998
03-07-2003,42.654545
03-10-2003,46.925835
03-11-2003,47.234547
03-12-2003,48.074547
3/13/03,50.013
3/14/03,40.717274
3/17/03,46.41
3/18/03,45.779091
3/19/03,45.873634
3/20/03,45.057777
3/21/03,39.470001
3/24/03,47.796364
3/25/03,45.550911
3/26/03,46.392727
3/27/03,49.123333
3/28/03,39.457272
3/31/03,45.116154
04-01-2003,50.906666
04-02-2003,49.990002
04-03-2003,53.037998
04-04-2003,40.884544
04-07-2003,44.636925
04-08-2003,48.993
04-09-2003,49.106998
04-10-2003,52.895
04-11-2003,41.833572
4/14/03,46.049091
4/15/03,46.868999
4/16/03,50.073334
4/17/03,56.18111
4/18/03,42.756001
4/21/03,46.542309
4/22/03,46.955456
4/23/03,48.913002
4/24/03,51.148998
4/25/03,38.611
4/28/03,45.066666
4/29/03,47.629089
4/30/03,48.372726
05-01-2003,52.067272
05-02-2003,40.239998
05-05-2003,44.796665
05-06-2003,46.41
05-07-2003,48.359093
05-08-2003,49.888
05-09-2003,41.487274
05-12-2003,46.01923
5/13/03,50.869091
5/14/03,53.394547
5/15/03,55.102001
5/16/03,41.396362
5/19/03,47.064167
5/20/03,50.980999
5/21/03,46.373749
5/23/03,39.686668
5/27/03,46.494286
5/28/03,49.758999
5/29/03,52.075554
5/30/03,42.932728
06-02-2003,46.84
06-03-2003,50.48
06-04-2003,50.385834
06-05-2003,50.132999
06-06-2003,39.374001
06-09-2003,42.915833
06-10-2003,43.952728
06-11-2003,47.094543
06-12-2003,52.380001
6/13/03,42.069092
6/16/03,46.700832
6/17/03,51.692726
6/18/03,55.68
6/19/03,59.085999
6/20/03,47.002728
6/23/03,49.203335
6/24/03,52.167274
6/25/03,56.065453
6/26/03,58.273003
6/27/03,46.776669
6/30/03,56.934544
07-01-2003,62.640999
07-02-2003,51.238335
07-03-2003,45.392727
07-07-2003,52.791817
07-08-2003,57.630909
07-09-2003,59.494545
07-10-2003,61.182999
07-11-2003,49.153637
7/14/03,53.615833
7/15/03,56.126366
7/16/03,58.799091
7/17/03,64.035004
7/18/03,55.841816
7/21/03,54.561668
7/22/03,55.067272
7/23/03,57.932499
7/24/03,57.315556
7/25/03,54.664444
7/28/03,52.008331
7/29/03,53.301109
7/30/03,52.014999
7/31/03,52.329166
08-01-2003,47.74818
08-04-2003,48.619167
08-05-2003,49.575455
08-06-2003,49.170834
08-07-2003,57.366669
08-08-2003,53.284546
08-11-2003,52.262726
08-12-2003,50.912727
8/13/03,56.312729
8/14/03,59.740002
8/15/03,50.504547
8/18/03,48.635002
8/19/03,47.810909
8/20/03,50.408184
8/21/03,53.718998
8/22/03,48.864544
8/25/03,48.67923
8/26/03,48.123001
8/27/03,51.482727
8/28/03,52.709091
8/29/03,48.086666
09-02-2003,43.801113
09-03-2003,45.523335
09-04-2003,47.674442
09-05-2003,46.14909
09-08-2003,46.794998
09-09-2003,48.345455
09-10-2003,55.376366
09-11-2003,57.058998
09-12-2003,46.569092
9/15/03,46.345833
9/16/03,44.743637
9/17/03,46.127274
9/18/03,51.43
9/19/03,48.633999
9/22/03,49.432499
9/23/03,45.553635
9/24/03,45.935455
9/25/03,52.402
9/26/03,50.040001
9/29/03,43.506668
9/30/03,49.996666
10-01-2003,47.556667
10-02-2003,55.581001
10-03-2003,39.620998
10-06-2003,47.386665
10-07-2003,45.702999
10-08-2003,48.075455
10-09-2003,54.158001
10-10-2003,54.199089
10/13/03,49.192726
10/14/03,51.024548
10/15/03,49.397274
10/16/03,55.612
10/17/03,46.160999
10/20/03,49.253845
10/21/03,49.253845
10/22/03,49.253845
10/23/03,55.521111
10/24/03,51.737499
10/27/03,51.075001
10/28/03,49.01091
10/29/03,50.668999
10/30/03,51.279999
10/31/03,47.247501
11-03-2003,46.618183
11-04-2003,45.206364
11-05-2003,51.605453
11-06-2003,53.59
11-07-2003,46.532501
11-10-2003,45.634167
11-11-2003,45.634167
11-12-2003,47.104546
11/13/03,52.392223
11/14/03,45.147274
11/17/03,46.041668
11/18/03,43.877274
11/19/03,47.014545
11/20/03,49.57
11/21/03,44.282856
11/24/03,46.845001
11/25/03,52.423752
11/26/03,55.586365
11/28/03,55.586365
12-01-2003,50.086155
12-02-2003,49.121819
12-03-2003,52.029999
12-04-2003,56.688
12-05-2003,54.324547
12-08-2003,56.26091
12-09-2003,51.643002
12-10-2003,52.654545
12-11-2003,59.125
12-12-2003,54.130001
12/15/03,53.167271
12/16/03,49.452728
12/17/03,51.033333
12/18/03,55.903999
12/19/03,55.616249
12/22/03,41.167145
12/23/03,46.794003
12/24/03,44.036251
12/26/03,44.036251
12/29/03,45.93
12/30/03,44.609093
12/31/03,46.763847
01-02-2004,46.763847
01-05-2004,45.514614
01-06-2004,46.954613
01-07-2004,47.439999
01-08-2004,46.000835
01-09-2004,45.82111
01-12-2004,46.821251
1/13/04,43.111668
1/14/04,48.744446
1/15/04,49.151249
1/16/04,46.013638
1/19/04,46.013638
1/20/04,45.298
1/21/04,50.584446
1/22/04,46.448334
1/23/04,47.308887
1/26/04,43.782726
1/27/04,47.288998
1/28/04,48.721001
1/29/04,47.461819
1/30/04,46.470001
02-02-2004,45.923637
02-03-2004,48.144165
02-04-2004,48.870003
02-05-2004,47.770908
02-06-2004,44.48111
02-09-2004,42.425453
02-10-2004,43.689999
02-11-2004,49.938889
02-12-2004,43.290001
2/13/04,42.754547
2/16/04,42.754547
2/17/04,41.143639
2/18/04,47.401112
2/19/04,47.095455
2/20/04,42.575001
2/23/04,42.234547
2/24/04,46.709091
2/25/04,52.298183
2/26/04,44.37125
2/27/04,42.910908
03-01-2004,43.392727
03-02-2004,46.100834
03-03-2004,48.263638
03-04-2004,48.468182
03-05-2004,39.681
03-08-2004,42.654545
03-09-2004,46.925835
03-10-2004,47.234547
03-11-2004,48.074547
03-12-2004,40.070999
3/15/04,40.717274
3/16/04,46.41
3/17/04,45.779091
3/18/04,45.873634
3/19/04,39.993999
3/22/04,39.470001
3/23/04,47.796364
3/24/04,45.550911
3/25/04,46.392727
3/26/04,38.48
3/28/04,38.48
3/29/04,39.457272
3/30/04,45.116154
3/31/04,50.906666
04-01-2004,49.990002
04-02-2004,42.745556
04-05-2004,40.884544
04-06-2004,44.636925
04-07-2004,49.106998
04-08-2004,40.964001
04-09-2004,40.964001
04-12-2004,41.833572
4/13/04,41.833572
4/14/04,41.833572
4/15/04,50.073334
4/16/04,43.209999
4/19/04,42.756001
4/20/04,46.542309
4/21/04,46.955456
4/22/04,48.913002
4/23/04,37.43
4/26/04,38.611
4/27/04,45.066666
4/28/04,47.629089
4/29/04,52.067272
4/30/04,42.186001
05-03-2004,40.239998
05-04-2004,44.796665
05-05-2004,46.41
05-06-2004,48.359093
05-07-2004,44.051998
05-10-2004,41.487274
05-11-2004,46.01923
05-12-2004,50.869091
5/13/04,53.394547
5/14/04,44.292
5/17/04,41.396362
5/18/04,47.064167
5/19/04,50.980999
5/20/04,50.978889
5/21/04,42.918751
5/24/04,35.603333
5/25/04,39.686668
5/26/04,49.758999
5/27/04,49.758999
5/28/04,42.932728
06-01-2004,46.84
06-02-2004,50.48
06-03-2004,50.385834
06-04-2004,40.163002
06-07-2004,39.374001
06-08-2004,42.915833
06-09-2004,43.952728
06-10-2004,47.094543
06-11-2004,42.092999
6/14/04,42.069092
6/15/04,46.700832
6/16/04,51.692726
6/17/04,55.68
6/18/04,50.014
6/21/04,47.002728
6/22/04,49.203335
6/23/04,52.167274
6/24/04,56.065453
6/25/04,45.550907
6/28/04,46.776669
6/29/04,62.640999
6/30/04,65.864998
07-02-2004,45.392727
07-06-2004,52.791817
07-07-2004,57.630909
07-08-2004,59.494545
07-09-2004,48.569
07-12-2004,49.153637
7/13/04,53.615833
7/14/04,56.126366
7/15/04,58.799091
7/16/04,56.112
7/19/04,55.841816
7/20/04,54.561668
7/21/04,55.067272
7/22/04,57.932499
7/23/04,54.705002
7/26/04,54.664444
7/27/04,52.008331
7/28/04,53.301109
7/29/04,52.014999
7/30/04,50.332001
08-02-2004,47.74818
08-03-2004,48.619167
08-04-2004,49.575455
08-05-2004,49.170834
08-06-2004,53.638
08-09-2004,53.284546
08-10-2004,52.262726
08-11-2004,50.912727
08-12-2004,56.312729
8/13/04,55.355999
8/16/04,50.504547
8/17/04,48.635002
8/18/04,47.810909
8/19/04,50.408184
8/20/04,51.48
8/23/04,48.864544
8/24/04,48.67923
8/25/04,48.123001
8/26/04,51.482727
8/27/04,47.681252
8/30/04,52.154442
8/31/04,48.086666
09-01-2004,45.523335
09-03-2004,46.14909
09-07-2004,46.794998
09-08-2004,48.345455
09-09-2004,55.376366
09-10-2004,46.875999
9/13/04,46.569092
9/14/04,46.345833
9/15/04,44.743637
9/16/04,46.127274
9/17/04,48.343998
9/20/04,48.633999
9/21/04,49.432499
9/22/04,45.553635
9/23/04,45.935455
9/24/04,50.588001
9/27/04,50.040001
9/28/04,43.506668
9/29/04,49.996666
9/30/04,47.556667
10-01-2004,47.068001
10-04-2004,39.620998
10-05-2004,47.386665
10-06-2004,48.075455
10-07-2004,51.538002
10-08-2004,54.199089
10-12-2004,49.192726
10/13/04,51.024548
10/14/04,49.397274
10/15/04,47.027779
10/18/04,46.160999
10/21/04,56.996666
10/22/04,53.771999
10/25/04,51.737499
10/26/04,51.075001
10/27/04,50.668999
10/29/04,48.869999
11-01-2004,47.247501
11-02-2004,46.618183
11-03-2004,45.206364
11-04-2004,51.605453
11-05-2004,45.306362
11-08-2004,46.532501
11-09-2004,45.634167
11-10-2004,47.104546
11-12-2004,45.561001
11/15/04,45.147274
11/16/04,46.041668
11/17/04,43.877274
11/18/04,47.014545
11/19/04,40.073334
11/22/04,44.282856
11/23/04,49.164001
11/24/04,55.648888
11/29/04,55.586365
11/30/04,50.086155
12-01-2004,49.121819
12-02-2004,52.029999
12-03-2004,54.105453
12-06-2004,54.324547
12-07-2004,56.26091
12-08-2004,51.643002
12-09-2004,52.654545
12-10-2004,57.200909
12/13/04,54.130001
12/14/04,53.167271
12/15/04,49.452728
12/16/04,51.033333
12/17/04,44.495556
12/20/04,55.616249
12/21/04,44.610001
12/22/04,54.008335
12/27/04,44.036251
12/28/04,47.474285
12/30/04,48.370716
01-03-2005,44.335999
01-04-2005,46.763847
01-05-2005,45.514614
01-06-2005,46.954613
01-07-2005,49.209
01-10-2005,46.435555
01-11-2005,45.82111
01-12-2005,43.111668
1/13/05,49.151249
1/14/05,51.056
1/18/05,46.013638
1/19/05,46.148888
1/20/05,45.298
1/21/05,50.609001
1/24/05,48.611
1/25/05,47.308887
1/26/05,43.782726
1/27/05,47.288998
1/28/05,50.37125
1/31/05,49.233334
02-01-2005,46.470001
02-02-2005,45.923637
02-03-2005,48.144165
02-04-2005,50.194
02-07-2005,45.486362
02-08-2005,44.48111
02-09-2005,42.425453
02-10-2005,43.689999
02-11-2005,43.290001
2/14/05,48.123333
2/15/05,42.754547
2/16/05,41.143639
2/17/05,52.776665
2/18/05,45.894001
2/22/05,42.575001
2/23/05,42.234547
2/24/05,46.709091
2/25/05,44.37125
2/28/05,47.906666
03-01-2005,42.910908
03-02-2005,43.392727
03-03-2005,46.100834
03-04-2005,52.142998
03-07-2005,44.668999
03-08-2005,39.681
03-09-2005,42.654545
03-10-2005,46.925835
03-11-2005,50.013
3/14/05,44.745998
3/15/05,40.070999
3/16/05,40.717274
3/17/05,46.41
3/18/05,45.057777
3/21/05,45.041
3/22/05,39.993999
3/23/05,47.796364
3/24/05,49.123333
3/28/05,46.947777
3/29/05,38.48
3/30/05,39.457272
3/31/05,45.116154
04-01-2005,53.037998
04-04-2005,46.787777
04-05-2005,42.745556
04-06-2005,40.884544
04-07-2005,44.636925
04-08-2005,52.895
04-11-2005,49.433998
04-12-2005,40.964001
4/13/05,41.833572
4/14/05,46.049091
4/15/05,56.18111
4/18/05,50.029999
4/19/05,43.209999
4/20/05,42.756001
4/21/05,46.542309
4/22/05,51.148998
4/25/05,47.568001
4/28/05,45.066666
4/29/05,52.067272
05-02-2005,47.485001
05-03-2005,42.186001
05-04-2005,40.239998
05-05-2005,44.796665
05-06-2005,49.888
05-09-2005,47.778999
05-10-2005,44.051998
05-11-2005,41.487274
05-12-2005,46.01923
5/13/05,55.102001
5/16/05,50.396
5/17/05,44.292
5/18/05,41.396362
5/19/05,47.064167
5/20/05,46.373749
5/23/05,42.433334
5/24/05,42.918751
5/25/05,39.686668
5/27/05,53
5/31/05,39.831001
06-01-2005,42.932728
06-02-2005,46.84
06-03-2005,50.132999
06-06-2005,46.543999
06-07-2005,40.163002
06-08-2005,39.374001
06-09-2005,42.915833
06-10-2005,52.380001
6/13/05,49.652
6/14/05,42.092999
6/15/05,42.069092
6/16/05,46.700832
6/17/05,59.085999
6/20/05,59.042
6/21/05,50.014
6/22/05,47.002728
6/23/05,49.203335
6/24/05,58.273003
6/27/05,56.22625
6/28/05,45.550907
6/29/05,56.934544
07-01-2005,51.238335
07-05-2005,52.720833
07-06-2005,45.392727
07-07-2005,52.791817
07-08-2005,61.182999
07-11-2005,56.521999
07-12-2005,48.569
7/13/05,49.153637
7/14/05,53.615833
7/15/05,64.035004
7/18/05,60.066998
7/19/05,56.112
7/20/05,55.841816
7/21/05,54.561668
7/22/05,57.315556
7/25/05,51.048889
7/26/05,54.705002
7/27/05,52.008331
7/29/05,52.329166
08-01-2005,52.548
08-02-2005,50.332001
08-03-2005,47.74818
08-04-2005,48.619167
08-05-2005,57.366669
08-08-2005,53.242001
08-09-2005,53.638
08-10-2005,53.284546
08-11-2005,52.262726
08-12-2005,59.740002
8/15/05,58.862
8/16/05,55.355999
8/17/05,50.504547
8/18/05,48.635002
8/19/05,53.718998
8/22/05,52.192001
8/23/05,51.48
8/24/05,48.864544
8/25/05,48.67923
8/26/05,67.205002
8/29/05,52.709091
8/30/05,52.154442
8/31/05,48.086666
09-02-2005,57.088749
09-06-2005,54.76857
09-07-2005,46.14909
09-08-2005,46.794998
09-09-2005,57.058998
09-12-2005,48.633999
9/13/05,46.875999
9/14/05,46.569092
9/15/05,46.345833
9/16/05,51.43
9/19/05,49.622002
9/20/05,48.343998
9/21/05,48.633999
9/22/05,49.432499
9/23/05,52.402
9/26/05,50.958889
9/27/05,50.588001
9/28/05,50.040001
9/29/05,49.996666
9/30/05,55.581001
10-03-2005,50.732998
10-04-2005,47.068001
10-05-2005,47.386665
10-06-2005,54.158001
10-07-2005,50.014
10-11-2005,51.538002
10-12-2005,54.199089
10/13/05,49.192726
10/14/05,55.612
10/17/05,52.632999
10/20/05,49.253845
10/21/05,55.521111
10/24/05,48.08091
10/25/05,53.771999
10/26/05,51.737499
10/27/05,51.075001
10/28/05,57.865715
10/31/05,51.279999
11-01-2005,48.869999
11-02-2005,47.247501
11-03-2005,46.618183
11-04-2005,53.59
11-07-2005,46.157143
11-08-2005,45.306362
11-09-2005,45.634167
11-10-2005,52.392223
11/14/05,46.280998
11/15/05,45.561001
11/16/05,45.147274
11/17/05,46.041668
11/18/05,49.57
11/21/05,44.915714
11/22/05,46.845001
11/23/05,52.423752
11/28/05,52.778751
11/29/05,55.648888
11/30/05,55.586365
12-01-2005,50.086155
12-02-2005,56.688
12-05-2005,55.542
12-06-2005,54.105453
12-07-2005,54.324547
12-08-2005,56.26091
12-09-2005,59.125
12-12-2005,56.343002
12/13/05,57.200909
12/14/05,54.130001
12/15/05,53.167271
12/16/05,55.903999
12/19/05,48.996002
12/20/05,55.616249
12/22/05,51.90889
12/27/05,54.008335
12/28/05,45.93
12/30/05,48.370716
01-03-2006,44.335999
01-04-2006,46.763847
01-05-2006,45.514614
01-06-2006,46.000835
01-09-2006,49.209
01-10-2006,46.435555
01-11-2006,46.821251
01-12-2006,47.684998
1/13/06,49.151249
1/17/06,51.056
1/18/06,46.013638
1/19/06,46.148888
1/20/06,46.448334
1/23/06,50.609001
1/24/06,48.611
1/25/06,47.308887
1/26/06,43.782726
1/27/06,47.461819
1/30/06,50.37125
1/31/06,49.233334
02-01-2006,46.470001
02-02-2006,45.923637
02-03-2006,47.770908
02-06-2006,50.194
02-07-2006,45.486362
02-08-2006,44.48111
02-09-2006,42.425453
02-10-2006,46.695999
2/13/06,43.290001
2/14/06,48.123333
2/15/06,45.971668
2/16/06,47.095455
2/17/06,52.776665
2/21/06,45.894001
2/22/06,42.575001
2/23/06,42.234547
2/24/06,46.709091
2/27/06,44.37125
2/28/06,47.906666
03-01-2006,42.910908
03-02-2006,43.392727
03-03-2006,48.468182
03-06-2006,52.142998
03-07-2006,44.668999
03-08-2006,39.681
03-09-2006,42.654545
03-10-2006,48.074547
3/13/06,50.013
3/14/06,44.745998
3/15/06,40.070999
3/16/06,40.717274
3/17/06,45.873634
3/20/06,45.057777
3/21/06,45.041
3/22/06,39.993999
3/23/06,39.470001
3/24/06,46.392727
3/27/06,49.123333
3/28/06,46.947777
3/29/06,39.457272
3/30/06,45.116154
3/31/06,49.990002
04-03-2006,53.037998
04-04-2006,46.787777
04-05-2006,42.745556
04-06-2006,40.884544
04-07-2006,44.636925
04-10-2006,52.895
04-11-2006,49.433998
04-12-2006,41.833572
4/13/06,41.833572
4/13/06,50.073334
4/17/06,56.18111
4/18/06,50.029999
4/19/06,43.209999
4/20/06,42.756001
4/21/06,46.542309
4/24/06,51.148998
4/25/06,47.568001
4/26/06,38.611
4/28/06,48.372726
05-01-2006,52.067272
05-02-2006,47.485001
05-03-2006,42.186001
05-04-2006,40.239998
05-05-2006,48.359093
05-08-2006,49.888
05-09-2006,47.778999
05-10-2006,44.051998
05-11-2006,41.487274
05-12-2006,53.394547
5/15/06,55.102001
5/16/06,50.396
5/17/06,44.292
5/18/06,41.396362
5/19/06,50.978889
5/22/06,46.373749
5/23/06,42.433334
5/24/06,35.603333
5/26/06,52.075554
06-01-2006,42.932728
06-02-2006,50.385834
06-05-2006,50.132999
06-06-2006,46.543999
06-07-2006,40.163002
06-08-2006,39.374001
06-09-2006,47.094543
06-12-2006,52.380001
6/13/06,49.652
6/14/06,42.092999
6/15/06,42.069092
6/16/06,55.68
6/19/06,59.085999
6/20/06,59.042
6/21/06,50.014
6/22/06,47.002728
6/23/06,56.065453
6/26/06,58.273003
6/27/06,56.22625
6/28/06,46.776669
6/29/06,56.934544
6/30/06,65.864998
07-03-2006,51.238335
07-05-2006,52.720833
07-06-2006,45.392727
07-07-2006,59.494545
07-10-2006,61.182999
07-11-2006,56.521999
07-12-2006,48.569
7/13/06,49.153637
7/14/06,58.799091
7/17/06,64.035004
7/18/06,60.066998
7/19/06,56.112
7/20/06,55.841816
7/21/06,57.932499
7/26/06,54.705002
7/27/06,54.664444
7/28/06,52.014999
7/31/06,52.329166
08-01-2006,52.548
08-02-2006,50.332001
08-03-2006,47.74818
08-04-2006,49.170834
08-07-2006,57.366669
08-08-2006,53.242001
08-09-2006,53.638
08-10-2006,53.284546
08-11-2006,56.312729
8/14/06,59.740002
8/15/06,58.862
8/16/06,55.355999
8/17/06,50.504547
8/18/06,50.408184
8/21/06,53.718998
8/22/06,52.192001
8/23/06,51.48
8/24/06,48.864544
8/25/06,51.482727
8/28/06,67.205002
8/29/06,52.709091
8/30/06,52.154442
09-01-2006,47.674442
09-05-2006,57.088749
09-06-2006,54.76857
09-07-2006,46.14909
09-08-2006,55.376366
09-11-2006,57.058998
09-12-2006,48.633999
9/13/06,46.875999
9/14/06,46.569092
9/15/06,46.127274
9/18/06,51.43
9/19/06,49.622002
9/20/06,48.343998
9/21/06,48.633999
9/22/06,45.935455
9/25/06,52.402
9/26/06,50.958889
9/27/06,50.588001
9/28/06,50.040001
9/29/06,47.556667
10-02-2006,55.581001
10-03-2006,50.732998
10-04-2006,47.068001
10-05-2006,39.620998
10-06-2006,48.075455
10-09-2006,54.158001
10-10-2006,50.014
10-11-2006,51.538002
10-12-2006,54.199089
10/13/06,49.397274
10/16/06,55.612
10/17/06,52.632999
10/18/06,47.027779
10/19/06,46.160999
10/20/06,56.996666
10/23/06,55.521111
10/24/06,48.08091
10/25/06,53.771999
10/26/06,51.737499
10/27/06,50.668999
10/30/06,57.865715
10/31/06,51.279999
11-01-2006,48.869999
11-02-2006,47.247501
11-03-2006,51.605453
11-06-2006,53.59
11-07-2006,46.157143
11-08-2006,46.532501
11-09-2006,47.104546
11/13/06,52.392223
11/14/06,46.280998
11/15/06,45.561001
11/16/06,45.147274
11/17/06,47.014545
11/20/06,49.57
11/21/06,44.282856
11/22/06,49.164001
11/27/06,52.423752
11/28/06,52.778751
11/29/06,55.648888
11/30/06,55.586365
12-01-2006,52.029999
12-04-2006,56.688
12-05-2006,55.542
12-06-2006,54.105453
12-07-2006,54.324547
12-08-2006,52.654545
12-11-2006,59.125
12-12-2006,56.343002
12/13/06,57.200909
12/14/06,54.130001
12/15/06,51.033333
12/18/06,55.903999
12/19/06,48.996002
12/20/06,55.616249
12/22/06,46.794003
12/26/06,51.90889
12/27/06,44.036251
12/29/06,44.609093
01-02-2007,48.370716
01-03-2007,44.335999
01-04-2007,46.763847
01-02-2007,48.370716
01-03-2007,44.335999
01-04-2007,46.763847
01-05-2007,47.439999
01-08-2007,46.000835
01-09-2007,49.209
01-10-2007,45.82111
01-11-2007,48.744446
01-12-2007,47.684998
1/16/07,49.151249
1/17/07,51.056
1/18/07,46.013638
1/19/07,50.584446
1/22/07,46.448334
1/23/07,50.609001
1/24/07,48.611
1/25/07,47.308887
1/26/07,48.721001
1/29/07,47.461819
1/30/07,50.37125
1/31/07,49.233334
02-01-2007,46.470001
02-02-2007,48.870003
02-05-2007,47.770908
02-06-2007,50.194
02-07-2007,45.486362
02-08-2007,44.48111
02-09-2007,49.938889
02-12-2007,46.695999
2/13/07,43.290001
2/14/07,42.754547
2/15/07,47.401112
2/16/07,47.095455
2/20/07,52.776665
2/21/07,45.894001
2/22/07,42.575001
2/23/07,52.298183
2/26/07,49.48111
2/27/07,44.37125
2/28/07,47.906666
03-01-2007,42.910908
03-02-2007,48.263638
03-05-2007,48.468182
03-06-2007,52.142998
03-07-2007,44.668999
03-08-2007,39.681
03-09-2007,47.234547
03-12-2007,48.074547
3/13/07,50.013
3/14/07,44.745998
3/15/07,40.070999
3/16/07,45.779091
3/19/07,45.873634
3/20/07,45.057777
3/21/07,45.041
3/22/07,39.993999
3/23/07,45.550911
3/26/07,46.392727
3/27/07,49.123333
3/28/07,46.947777
3/29/07,38.48
3/30/07,50.906666
04-02-2007,49.990002
04-03-2007,53.037998
04-04-2007,42.745556
04-05-2007,48.993
04-09-2007,49.106998
04-10-2007,52.895
04-11-2007,49.433998
04-12-2007,40.964001
4/13/07,46.868999
4/16/07,50.073334
4/17/07,56.18111
4/18/07,50.029999
4/19/07,43.209999
4/20/07,46.955456
4/23/07,48.913002
4/24/07,51.148998
4/25/07,47.568001
4/26/07,37.43
4/27/07,47.629089
4/30/07,48.372726
05-01-2007,52.067272
05-02-2007,47.485001
05-03-2007,42.186001
05-04-2007,46.41
05-07-2007,48.359093
05-08-2007,49.888
05-09-2007,47.778999
05-10-2007,44.051998
05-11-2007,50.869091
5/14/07,53.394547
5/15/07,55.102001
5/16/07,50.396
5/17/07,44.292
5/18/07,50.980999
5/21/07,50.978889
5/22/07,46.373749
5/23/07,42.918751
5/25/07,49.758999
5/29/07,52.075554
5/30/07,53
5/31/07,39.831001
06-01-2007,50.48
06-04-2007,50.385834
06-05-2007,50.132999
06-06-2007,46.543999
06-07-2007,40.163002
06-08-2007,43.952728
06-11-2007,47.094543
06-12-2007,52.380001
6/13/07,49.652
6/14/07,42.092999
6/15/07,51.692726
6/18/07,55.68
6/19/07,59.085999
6/20/07,59.042
6/21/07,50.014
6/22/07,52.167274
6/25/07,56.065453
6/26/07,58.273003
6/27/07,56.22625
6/28/07,45.550907
6/29/07,62.640999
07-02-2007,65.864998
07-05-2007,52.720833
07-06-2007,57.630909
07-09-2007,59.494545
07-10-2007,61.182999
07-11-2007,56.521999
07-12-2007,48.569
7/13/07,56.126366
7/16/07,58.799091
7/17/07,64.035004
7/18/07,60.066998
7/19/07,56.112
7/20/07,55.067272
7/23/07,57.932499
7/24/07,57.315556
7/25/07,51.048889
7/26/07,54.705002
7/27/07,53.301109
7/30/07,52.014999
7/31/07,52.329166
08-01-2007,52.548
08-02-2007,50.332001
08-03-2007,49.575455
08-06-2007,49.170834
08-07-2007,57.366669
08-08-2007,53.242001
08-09-2007,53.638
08-10-2007,50.912727
8/13/07,56.312729
8/14/07,59.740002
8/15/07,58.862
8/16/07,55.355999
8/17/07,47.810909
8/20/07,50.408184
8/21/07,53.718998
8/22/07,52.192001
8/23/07,51.48
8/24/07,48.123001
8/27/07,51.482727
8/28/07,67.205002
8/29/07,47.681252
8/30/07,52.154442
8/31/07,45.523335
09-04-2007,47.674442
09-05-2007,57.088749
09-06-2007,54.76857
09-07-2007,48.345455
09-10-2007,55.376366
09-11-2007,57.058998
09-12-2007,48.633999
9/13/07,46.875999
9/14/07,44.743637
9/17/07,46.127274
9/18/07,51.43
9/19/07,49.622002
9/20/07,48.343998
9/21/07,45.553635
9/24/07,45.935455
9/25/07,52.402
9/26/07,50.588001
9/28/07,49.996666
10-01-2007,47.556667
10-02-2007,55.581001
10-03-2007,50.732998
10-04-2007,47.068001
10-05-2007,45.702999
10-08-2007,48.075455
10-09-2007,54.158001
10-10-2007,50.014
10-11-2007,51.538002
10-12-2007,51.024548
10/15/07,49.397274
10/16/07,55.612
10/17/07,52.632999
10/18/07,47.027779
10/19/07,48.447777
10/22/07,56.996666
10/23/07,55.521111
10/24/07,48.08091
10/25/07,53.771999
10/26/07,49.01091
10/29/07,50.668999
10/30/07,57.865715
10/31/07,51.279999
11-01-2007,48.869999
11-02-2007,45.206364
11-05-2007,51.605453
11-06-2007,53.59
11-07-2007,45.306362
11-08-2007,48.290001
11-09-2007,47.104546
11/13/07,52.392223
11/14/07,46.280998
11/15/07,45.561001
11/16/07,43.877274
11/19/07,47.014545
11/20/07,40.073334
11/21/07,47.021999
11/26/07,49.164001
11/27/07,52.423752
11/28/07,55.648888
11/29/07,55.586365
11/30/07,49.121819
12-03-2007,52.029999
12-04-2007,56.688
12-05-2007,55.542
12-06-2007,54.105453
12-07-2007,51.643002
12-10-2007,52.654545
12-11-2007,59.125
12-12-2007,56.343002
12/13/07,57.200909
12/14/07,49.452728
12/17/07,51.033333
12/18/07,55.903999
12/19/07,44.495556
12/20/07,44.610001
12/21/07,46.794003
12/26/07,51.90889
12/27/07,54.008335
12/28/07,47.474285
12/31/07,44.609093
01-02-2008,48.370716
01-03-2008,44.335999
01-04-2008,46.954613
01-07-2008,47.439999
01-08-2008,46.000835
01-09-2008,49.209
01-10-2008,46.435555
01-11-2008,43.111668
1/14/08,48.744446
1/15/08,47.684998
1/16/08,51.056
1/17/08,45.298
1/18/08,50.584446
1/22/08,46.448334
1/23/08,50.609001
1/24/08,48.611
1/25/08,47.288998
1/28/08,48.721001
1/29/08,47.461819
1/30/08,50.37125
1/31/08,49.233334
02-01-2008,48.144165
02-04-2008,48.870003
02-05-2008,47.770908
02-06-2008,50.194
02-07-2008,45.486362
02-08-2008,43.689999
02-11-2008,49.938889
02-12-2008,46.695999
2/13/08,48.123333
2/14/08,41.143639
2/15/08,47.401112
2/19/08,47.095455
2/20/08,52.776665
2/21/08,45.894001
2/22/08,46.709091
2/25/08,52.298183
2/26/08,49.48111
2/27/08,47.906666
2/28/08,42.910908
2/29/08,46.100834
03-03-2008,48.263638
03-04-2008,48.468182
03-05-2008,52.142998
03-06-2008,44.668999
03-07-2008,46.925835
03-10-2008,47.234547
03-11-2008,48.074547
03-12-2008,50.013
3/13/08,44.745998
3/14/08,46.41
3/17/08,45.779091
3/18/08,45.873634
3/19/08,45.041
3/20/08,47.796364
3/24/08,45.550911
3/25/08,46.392727
3/26/08,49.123333
3/27/08,46.947777
3/28/08,45.116154
3/31/08,50.906666
04-01-2008,49.990002
04-02-2008,53.037998
04-03-2008,46.787777
04-04-2008,44.636925
04-07-2008,48.993
04-08-2008,49.106998
04-09-2008,52.895
04-10-2008,49.433998
04-11-2008,46.049091
4/14/08,46.868999
4/15/08,50.073334
4/16/08,56.18111
4/17/08,50.029999
4/18/08,46.542309
4/21/08,46.955456
4/22/08,48.913002
4/23/08,51.148998
4/24/08,47.568001
4/25/08,45.066666
4/28/08,47.629089
4/29/08,48.372726
4/30/08,52.067272
05-01-2008,47.485001
05-02-2008,44.796665
05-05-2008,46.41
05-06-2008,48.359093
05-07-2008,49.888
05-08-2008,47.778999
05-09-2008,46.01923
05-12-2008,50.869091
5/13/08,53.394547
5/14/08,55.102001
5/15/08,50.396
5/16/08,47.064167
5/19/08,50.980999
5/20/08,50.978889
5/21/08,42.433334
5/23/08,46.494286
5/27/08,49.758999
5/28/08,52.075554
5/29/08,53
5/30/08,46.84
06-02-2008,50.48
06-03-2008,50.385834
06-04-2008,50.132999
06-05-2008,46.543999
06-06-2008,42.915833
06-09-2008,43.952728
06-10-2008,47.094543
06-11-2008,52.380001
06-12-2008,49.652
6/13/08,46.700832
6/16/08,51.692726
6/17/08,55.68
6/18/08,59.085999
6/19/08,59.042
6/20/08,49.203335
6/23/08,52.167274
6/24/08,56.065453
6/25/08,58.273003
6/26/08,56.22625
6/27/08,56.934544
6/30/08,62.640999
07-01-2008,65.864998
07-02-2008,52.720833
07-03-2008,52.791817
07-07-2008,57.630909
07-08-2008,59.494545
07-09-2008,61.182999
07-10-2008,56.521999
07-11-2008,53.615833
7/14/08,56.126366
7/15/08,58.799091
7/16/08,64.035004
7/17/08,60.066998
7/18/08,54.561668
7/21/08,55.067272
7/22/08,57.932499
7/23/08,57.315556
7/24/08,51.048889
7/25/08,52.008331
7/28/08,53.301109
7/29/08,52.014999
7/30/08,52.329166
7/31/08,52.548
08-01-2008,48.619167
08-04-2008,49.575455
08-05-2008,49.170834
08-06-2008,57.366669
08-07-2008,53.242001
08-08-2008,52.262726
08-11-2008,50.912727
08-12-2008,56.312729
8/13/08,59.740002
8/14/08,58.862
8/15/08,48.635002
8/18/08,47.810909
8/19/08,50.408184
8/20/08,53.718998
8/21/08,52.192001
8/22/08,48.67923
8/25/08,48.123001
8/26/08,51.482727
8/27/08,52.709091
8/29/08,43.801113
09-02-2008,45.523335
09-03-2008,47.674442
09-04-2008,57.088749
09-05-2008,46.794998
09-08-2008,48.345455
09-09-2008,55.376366
09-10-2008,57.058998
09-11-2008,48.633999
09-12-2008,46.345833
9/15/08,44.743637
9/16/08,46.127274
9/17/08,51.43
9/18/08,49.622002
9/19/08,49.432499
9/22/08,45.553635
9/23/08,45.935455
9/24/08,52.402
9/25/08,50.958889
9/26/08,43.506668
9/29/08,49.996666
9/30/08,47.556667
10-01-2008,55.581001
10-02-2008,50.732998
10-03-2008,47.386665
10-06-2008,45.702999
10-07-2008,48.075455
10-08-2008,54.158001
10-09-2008,50.014
10-10-2008,49.192726
10/13/08,51.024548
10/14/08,49.397274
10/15/08,55.612
10/16/08,52.632999
10/17/08,49.253845
10/20/08,48.447777
10/21/08,56.996666
10/22/08,55.521111
10/23/08,48.08091
10/24/08,51.737499
10/27/08,49.01091
10/28/08,50.668999
10/29/08,51.279999
10/30/08,48.869999
10/31/08,47.247501
11-03-2008,45.206364
11-04-2008,51.605453
11-05-2008,53.59
11-06-2008,46.157143
11-07-2008,45.634167
11-10-2008,48.290001
11-12-2008,52.392223
11/13/08,46.280998
11/14/08,46.041668
11/17/08,43.877274
11/18/08,47.014545
11/19/08,49.57
11/20/08,44.915714
11/21/08,46.845001
11/24/08,47.021999
11/25/08,52.778751
11/26/08,50.086155
12-01-2008,49.121819
12-02-2008,52.029999
01-02-2009,46.763847
01-05-2009,45.514614
01-06-2009,46.954613
01-07-2009,47.439999
01-08-2009,46.000835
01-09-2009,45.82111
01-12-2009,46.821251
01/13/09,43.111668
01/14/09,47.684998
01/15/09,46.013638
01/16/09,46.148888
01/20/09,45.298
01/21/09,50.584446
01/22/09,46.448334
01/23/09,47.308887
01/26/09,43.782726
01/27/09,47.288998
01/28/09,48.721001
01/29/09,47.461819
01/30/09,46.470001
02-02-2009,45.923637
02-03-2009,48.144165
02-04-2009,48.870003
02-05-2009,47.770908
02-06-2009,45.486362
02-09-2009,42.425453
02-10-2009,43.689999
02-11-2009,46.695999
02-12-2009,42.754547
02/13/09,45.971668
02/17/09,41.143639
02/18/09,47.401112
02/19/09,47.095455
02/20/09,42.575001
02/23/09,42.234547
02/24/09,46.709091
02/25/09,52.298183
02/26/09,49.48111
02/27/09,42.910908
03-02-2009,43.392727
03-03-2009,46.100834
03-04-2009,48.263638
03-05-2009,48.468182
03-06-2009,39.681
03-09-2009,42.654545
03-10-2009,46.925835
03-11-2009,47.234547
03-12-2009,48.074547
03/13/09,40.070999
03/16/09,40.717274
03/17/09,46.41
03/18/09,45.779091
03/19/09,45.873634
03/20/09,39.993999
03/23/09,39.470001
03/24/09,47.796364
03/25/09,45.550911
03/26/09,46.392727
03/27/09,38.48
03/30/09,39.457272
03/31/09,45.116154
04-01-2009,50.906666
04-02-2009,49.990002
04-03-2009,42.745556
04-06-2009,40.884544
04-07-2009,44.636925
04-08-2009,49.106998
04-09-2009,40.964001
04/13/09,41.833572
04/14/09,46.049091
04/15/09,46.868999
04/16/09,50.073334
04/17/09,43.209999
04/20/09,42.756001
04/21/09,46.542309
04/22/09,46.955456
04/23/09,48.913002
04/24/09,37.43
04/27/09,38.611
04/28/09,45.066666
04/29/09,47.629089
04/30/09,48.372726
05-01-2009,42.186001
05-04-2009,40.239998
05-05-2009,44.796665
05-06-2009,46.41
05-07-2009,48.359093
05-08-2009,44.051998
05-11-2009,41.487274
05-12-2009,46.01923
05/13/09,50.869091
05/14/09,53.394547
05/15/09,44.292
05/18/09,41.396362
05/19/09,47.064167
05/20/09,50.978889
05/22/09,35.603333
05/26/09,39.686668
05/27/09,49.758999
05/29/09,39.831001
06-01-2009,42.932728
06-02-2009,46.84
06-03-2009,50.48
06-04-2009,50.385834
06-05-2009,40.163002
06-08-2009,39.374001
06-09-2009,42.915833
06-10-2009,43.952728
06-11-2009,47.094543
06-12-2009,42.092999
06/15/09,42.069092
06/16/09,46.700832
06/17/09,51.692726
06/18/09,55.68
06/19/09,50.014
06/22/09,47.002728
06/23/09,49.203335
06/24/09,52.167274
06/25/09,56.065453
06/26/09,45.550907
06/29/09,46.776669
06/30/09,56.934544
07-01-2009,65.864998
07-02-2009,52.720833
07-06-2009,45.392727
07-07-2009,52.791817
07-08-2009,57.630909
07-09-2009,59.494545
07-10-2009,48.569
07/13/09,49.153637
07/14/09,53.615833
07/15/09,56.126366
07/16/09,58.799091
07/17/09,56.112
07/20/09,55.841816
07/21/09,54.561668
07/22/09,55.067272
07/23/09,57.932499
07/24/09,54.705002
07/27/09,54.664444
07/28/09,52.008331
07/29/09,52.014999
07/30/09,52.329166
07/31/09,50.332001
08-03-2009,47.74818
08-04-2009,48.619167
08-05-2009,49.575455
08-06-2009,49.170834
08-07-2009,53.638
08-10-2009,53.284546
08-12-2009,50.912727
08/13/09,56.312729
08/14/09,55.355999
08/17/09,50.504547
08/18/09,48.635002
08/19/09,47.810909
08/20/09,50.408184
08/21/09,51.48
08/24/09,48.864544
08/25/09,48.67923
08/26/09,48.123001
08/27/09,51.482727
08/28/09,47.681252
08/31/09,52.154442
09-01-2009,48.086666
09-02-2009,45.523335
09-04-2009,46.14909
09-08-2009,46.794998
09-09-2009,48.345455
09-10-2009,55.376366
09-11-2009,46.875999
09/14/09,46.569092
09/15/09,46.345833
09/16/09,44.743637
09/17/09,46.127274
09/18/09,48.343998
09/21/09,48.633999
09/22/09,49.432499
09/23/09,45.553635
09/24/09,45.935455
09/25/09,50.588001
09/28/09,50.040001
09/29/09,43.506668
09/30/09,49.996666
10-01-2009,47.556667
10-02-2009,47.068001
10-05-2009,39.620998
10-06-2009,47.386665
10-07-2009,45.702999
10-08-2009,48.075455
10-09-2009,51.538002
10-12-2009,54.199089
10/13/09,49.192726
10/14/09,51.024548
10/15/09,49.397274
10/16/09,47.027779
10/19/09,46.160999
10/20/09,49.253845
10/21/09,48.447777
10/22/09,56.996666
10/23/09,53.771999
10/26/09,51.737499
10/27/09,51.075001
10/28/09,49.01091
10/29/09,50.668999
10/30/09,48.869999
11-02-2009,47.247501
11-03-2009,46.618183
11-04-2009,45.206364
11-05-2009,51.605453
11-06-2009,45.306362
11-09-2009,46.532501
11-10-2009,45.634167
11-12-2009,47.104546
11/13/09,45.561001
11/16/09,45.147274
11/17/09,46.041668
11/18/09,43.877274
11/19/09,47.014545
11/20/09,40.073334
11/23/09,44.282856
11/24/09,49.164001
11/25/09,55.648888
11/30/09,55.586365
12-01-2009,50.086155
12-02-2009,49.121819
12-03-2009,52.029999
12-04-2009,54.105453
12-07-2009,54.324547
12-08-2009,56.26091
12-09-2009,51.643002
12-10-2009,52.654545
12-11-2009,57.200909
12/14/09,54.130001
12/15/09,53.167271
12/16/09,49.452728
12/17/09,51.033333
12/18/09,44.495556
12/21/09,55.616249
12/22/09,44.610001
12/23/09,54.008335
12/28/09,44.036251
12/29/09,45.93
12/30/09,44.609093
12/31/09,44.335999
01-04-2010,46.763847
01-05-2010,45.514614
01-06-2010,46.954613
01-07-2010,47.439999
01-08-2010,46.435555
01-11-2010,45.82111
01-12-2010,46.821251
01/13/10,48.744446
01/14/10,51.056
01/15/10,46.013638
01/19/10,46.148888
01/20/10,45.298
01/21/10,50.584446
01/22/10,48.611
01/25/10,47.308887
01/26/10,43.782726
01/27/10,48.721001
01/29/10,49.233334
02-01-2010,46.470001
02-02-2010,45.923637
02-03-2010,48.144165
02-04-2010,48.870003
02-05-2010,45.486362
02-08-2010,44.48111
02-09-2010,42.425453
02-10-2010,49.938889
02-11-2010,48.123333
02-12-2010,42.754547
02/16/10,45.971668
02/17/10,41.143639
02/18/10,47.401112
02/19/10,45.894001
02/22/10,42.575001
02/23/10,42.234547
02/24/10,52.298183
02/26/10,47.906666
03-01-2010,42.910908
03-02-2010,43.392727
03-03-2010,46.100834
03-04-2010,48.263638
03-05-2010,44.668999
03-08-2010,39.681
03-09-2010,42.654545
03-10-2010,46.925835
03-11-2010,47.234547
03-12-2010,44.745998
03/15/10,40.070999
03/16/10,40.717274
03/17/10,46.41
03/18/10,45.779091
03/19/10,45.041
03/22/10,39.993999
03/23/10,39.470001
03/24/10,47.796364
03/25/10,45.550911
03/26/10,46.947777
03/29/10,38.48
03/30/10,39.457272
03/31/10,45.116154
04-01-2010,46.787777
04-05-2010,42.745556
04-06-2010,40.884544
04-07-2010,44.636925
04-08-2010,48.993
04-09-2010,49.433998
04-12-2010,40.964001
04/13/10,41.833572
04/14/10,46.049091
04/15/10,46.868999
04/16/10,50.029999
04/19/10,43.209999
04/20/10,42.756001
04/21/10,46.542309
04/22/10,46.955456
04/23/10,47.568001
04/26/10,37.43
04/27/10,38.611
04/28/10,47.629089
04/29/10,48.372726
04/30/10,47.485001
05-03-2010,42.186001
05-04-2010,40.239998
05-05-2010,44.796665
05-06-2010,46.41
05-07-2010,47.778999
05-10-2010,44.051998
05-11-2010,41.487274
05-12-2010,46.01923
05/13/10,50.869091
05/14/10,50.396
05/17/10,44.292
05/18/10,41.396362
05/19/10,47.064167
05/20/10,50.980999
05/21/10,42.433334
05/24/10,42.918751
05/25/10,35.603333
05/26/10,46.494286
05/28/10,39.831001
06-01-2010,42.932728
06-02-2010,46.84
06-03-2010,50.48
06-04-2010,46.543999
06-07-2010,40.163002
06-08-2010,39.374001
06-09-2010,42.915833
06-10-2010,43.952728
06-11-2010,49.652
06/14/10,42.092999
06/15/10,42.069092
06/16/10,46.700832
06/17/10,51.692726
06/18/10,59.042
06/21/10,50.014
06/22/10,47.002728
06/23/10,49.203335
06/24/10,52.167274
06/25/10,56.22625
06/28/10,45.550907
06/29/10,46.776669
06/30/10,56.934544
07-01-2010,62.640999
07-02-2010,52.720833
07-06-2010,45.392727
07-07-2010,52.791817
07-08-2010,57.630909
07-09-2010,56.521999
07-12-2010,48.569
07/13/10,49.153637
07/14/10,53.615833
07/15/10,56.126366
07/16/10,60.066998
07/19/10,56.112
07/20/10,55.841816
07/21/10,54.561668
07/22/10,55.067272
07/23/10,51.048889
07/26/10,54.705002
07/27/10,54.664444
07/28/10,52.008331
07/29/10,53.301109
07/30/10,52.548
08-02-2010,50.332001
08-03-2010,47.74818
08-04-2010,48.619167
08-05-2010,49.575455
08-06-2010,53.242001
08-09-2010,53.638
08-10-2010,53.284546
08-11-2010,52.262726
08-12-2010,50.912727
08/13/10,58.862
08/16/10,55.355999
08/17/10,50.504547
08/18/10,48.635002
08/19/10,47.810909
08/20/10,52.192001
08/23/10,51.48
08/24/10,48.864544
08/25/10,48.67923
08/26/10,48.123001
08/27/10,52.709091
08/30/10,47.681252
08/31/10,52.154442
09-01-2010,43.801113
09-02-2010,43.801113
09-03-2010,54.76857
09-07-2010,46.14909
09-08-2010,46.794998
09-09-2010,48.345455
09-10-2010,48.633999
09/13/10,46.875999
09/14/10,46.569092
09/15/10,46.345833
09/16/10,44.743637
09/17/10,49.622002
09/20/10,48.343998
09/21/10,48.633999
09/22/10,49.432499
09/23/10,45.553635
09/24/10,50.958889
09/27/10,50.588001
09/28/10,50.040001
09/29/10,43.506668
09/30/10,49.996666
10-01-2010,50.732998
10-04-2010,47.068001
10-05-2010,39.620998
10-06-2010,47.386665
10-07-2010,45.702999
10-08-2010,50.014
10-11-2010,51.538002
10-12-2010,54.199089
10/13/10,49.192726
10/14/10,51.024548
10/15/10,52.632999
10/18/10,47.027779
10/19/10,46.160999
10/20/10,49.253845
10/21/10,48.447777
10/22/10,48.08091
10/25/10,53.771999
10/26/10,51.737499
10/27/10,49.01091
10/29/10,51.279999
11-01-2010,48.869999
11-02-2010,47.247501
11-03-2010,46.618183
11-04-2010,45.206364
11-05-2010,46.157143
11-08-2010,45.306362
11-09-2010,46.532501
11-10-2010,48.290001
11-12-2010,46.280998
11/15/10,45.561001
11/16/10,45.147274
11/17/10,46.041668
11/18/10,43.877274
11/19/10,44.915714
11/22/10,40.073334
11/23/10,47.021999
11/24/10,52.778751
11/29/10,55.648888
11/30/10,55.586365
12-01-2010,50.086155
12-02-2010,49.121819
12-03-2010,55.542
12-06-2010,54.105453
12-07-2010,54.324547
12-08-2010,56.26091
12-09-2010,51.643002
12-10-2010,56.343002
12/13/10,57.200909
12/14/10,54.130001
12/15/10,53.167271
12/16/10,49.452728
12/17/10,48.996002
12/20/10,44.495556
12/21/10,55.616249
12/22/10,44.610001
12/23/10,51.90889
12/30/10,48.370716
01-03-2011,44.335999
01-04-2011,46.763847
01-05-2011,45.514614
01-06-2011,46.954613
01-07-2011,49.209
01-10-2011,46.435555
01-11-2011,45.82111
01-12-2011,43.111668
01/13/11,49.151249
01/14/11,51.056
01/18/11,46.013638
01/19/11,46.148888
01/20/11,45.298
01/21/11,50.609001
01/24/11,48.611
01/25/11,47.308887
01/26/11,43.782726
01/27/11,47.288998
01/28/11,50.37125
01/31/11,49.233334
02-01-2011,46.470001
02-02-2011,45.923637
02-03-2011,48.144165
02-04-2011,50.194
02-07-2011,45.486362
02-08-2011,44.48111
02-09-2011,42.425453
02-10-2011,43.689999
02-11-2011,43.290001
02/14/11,48.123333
02/15/11,42.754547
02/16/11,41.143639
02/17/11,52.776665
02/18/11,45.894001
02/22/11,42.575001
02/23/11,42.234547
02/24/11,46.709091
02/25/11,44.37125
02/28/11,47.906666
03-01-2011,42.910908
03-02-2011,43.392727
03-03-2011,46.100834
03-04-2011,52.142998
03-07-2011,44.668999
03-08-2011,39.681
03-09-2011,42.654545
03-10-2011,46.925835
03-11-2011,50.013
03/14/11,44.745998
03/15/11,40.070999
03/16/11,40.717274
03/17/11,46.41
03/18/11,45.057777
03/21/11,45.041
03/22/11,39.993999
03/23/11,39.470001
03/24/11,47.796364
03/25/11,49.123333
03/28/11,46.947777
03/29/11,38.48
03/30/11,39.457272
03/31/11,45.116154
04-01-2011,53.037998
04-04-2011,46.787777
04-05-2011,42.745556
04-06-2011,40.884544
04-07-2011,44.636925
04-08-2011,52.895
04-11-2011,49.433998
04-12-2011,40.964001
04/13/11,41.833572
04/14/11,46.049091
04/15/11,56.18111
04/18/11,50.029999
04/19/11,43.209999
04/20/11,46.542309
04/21/11,51.148998
04/25/11,47.568001
04/26/11,37.43
04/27/11,38.611
04/28/11,45.066666
04/29/11,52.067272
05-02-2011,47.485001
05-03-2011,42.186001
05-04-2011,40.239998
05-05-2011,44.796665
05-06-2011,49.888
05-09-2011,47.778999
05-10-2011,44.051998
05-11-2011,41.487274
05-12-2011,46.01923
05/13/11,55.102001
05/16/11,50.396
05/17/11,44.292
05/18/11,41.396362
05/19/11,47.064167
05/20/11,46.373749
05/23/11,42.433334
05/24/11,42.918751
05/25/11,39.686668
05/27/11,53
05/31/11,39.831001
06-01-2011,42.932728
06-02-2011,46.84
06-03-2011,50.132999
06-06-2011,46.543999
06-07-2011,40.163002
06-08-2011,39.374001
06-09-2011,42.915833
06-10-2011,52.380001
06/13/11,49.652
06/14/11,42.092999
06/15/11,42.069092
06/16/11,46.700832
06/17/11,59.085999
06/20/11,59.042
06/21/11,50.014
06/22/11,47.002728
06/23/11,49.203335
06/24/11,58.273003
06/27/11,56.22625
06/28/11,45.550907
06/29/11,56.934544
07-01-2011,51.238335
07-05-2011,52.720833
07-06-2011,45.392727
07-07-2011,52.791817
07-08-2011,61.182999
07-11-2011,56.521999
07-12-2011,48.569
07/13/11,49.153637
07/14/11,53.615833
07/15/11,64.035004
07/18/11,60.066998
07/19/11,56.112
07/20/11,55.841816
07/21/11,54.561668
07/22/11,57.315556
07/22/11,57.932499
07/25/11,51.048889
07/26/11,54.705002
07/27/11,52.008331
07/28/11,52.014999
07/29/11,52.329166
08-01-2011,52.548
08-02-2011,50.332001
08-03-2011,47.74818
08-04-2011,48.619167
08-05-2011,49.170834
08-08-2011,53.242001
08-09-2011,53.638
08-10-2011,53.284546
08-11-2011,52.262726
08-12-2011,59.740002
08/15/11,58.862
08/16/11,55.355999
08/17/11,50.504547
08/18/11,48.635002
08/19/11,53.718998
08/22/11,52.192001
08/23/11,51.48
08/24/11,48.864544
08/25/11,48.67923
08/26/11,67.205002
08/29/11,52.709091
08/30/11,47.681252
08/31/11,52.154442
09-01-2011,48.086666
09-02-2011,57.088749
09-06-2011,54.76857
09-07-2011,46.14909
09-08-2011,46.794998
09-09-2011,57.058998
09-12-2011,48.633999
09/13/11,46.875999
09/14/11,46.569092
09/15/11,46.345833
09/16/11,51.43
09/19/11,49.622002
09/20/11,48.343998
09/21/11,48.633999
09/22/11,49.432499
09/23/11,52.402
09/26/11,50.958889
09/27/11,50.588001
09/28/11,43.506668
09/29/11,49.996666
09/30/11,55.581001
10-03-2011,50.732998
10-04-2011,47.068001
10-05-2011,39.620998
10-06-2011,47.386665
10-07-2011,54.158001
10-10-2011,50.014
10-11-2011,51.538002
10-12-2011,54.199089
10/13/11,49.192726
10/14/11,55.612
10/17/11,52.632999
10/18/11,47.027779
10/19/11,46.160999
10/20/11,49.253845
10/21/11,55.521111
10/24/11,48.08091
10/25/11,53.771999
10/26/11,51.737499
10/27/11,51.075001
10/28/11,57.865715
10/31/11,51.279999
11-01-2011,48.869999
11-02-2011,47.247501
11-03-2011,46.618183
11-04-2011,53.59
11-07-2011,46.157143
11-08-2011,45.306362
11-09-2011,45.634167
11-10-2011,52.392223
11/14/11,46.280998
11/15/11,45.561001
11/16/11,45.147274
11/17/11,46.041668
11/18/11,49.57
11/21/11,44.915714
11/22/11,46.845001
11/23/11,52.423752
11/28/11,52.778751
11/29/11,55.648888
11/30/11,55.586365
12-01-2011,50.086155
12-02-2011,56.688
12-05-2011,55.542
12-06-2011,54.105453
12-07-2011,54.324547
12-08-2011,56.26091
12-09-2011,59.125
12-12-2011,56.343002
12/13/11,57.200909
12/14/11,54.130001
12/15/11,53.167271
12/16/11,55.903999
12/19/11,48.996002
12/20/11,44.495556
12/21/11,41.167145
12/22/11,51.90889
12/27/11,54.008335
12/28/11,45.93
12/30/11,48.370716
01-03-2012,44.335999
01-04-2012,46.763847
01-05-2012,45.514614
01-06-2012,46.000835
01-03-2012,44.335999
01-04-2012,46.763847
01-05-2012,45.514614
01-06-2012,46.000835
01-09-2012,49.209
01-10-2012,46.435555
01-11-2012,45.82111
01-12-2012,43.111668
01/13/12,47.684998
01/17/12,51.056
01/18/12,46.013638
01/19/12,46.148888
01/20/12,46.448334
01/23/12,50.609001
01/24/12,48.611
01/25/12,47.308887
01/26/12,43.782726
01/27/12,47.461819
01/30/12,50.37125
01/31/12,49.233334
02-01-2012,46.470001
02-02-2012,45.923637
02-03-2012,47.770908
02-06-2012,50.194
02-07-2012,45.486362
02-08-2012,44.48111
02-09-2012,42.425453
02-10-2012,46.695999
02/13/12,43.290001
02/14/12,48.123333
02/15/12,42.754547
02/16/12,41.143639
02/17/12,47.095455
02/21/12,45.894001
02/22/12,42.575001
02/23/12,42.234547
02/24/12,49.48111
02/27/12,44.37125
02/28/12,47.906666
02/29/12,42.910908
03-01-2012,43.392727
03-02-2012,48.468182
03-05-2012,52.142998
03-06-2012,44.668999
03-07-2012,39.681
03-08-2012,42.654545
03-09-2012,48.074547
03-12-2012,50.013
03/13/12,44.745998
03/14/12,40.070999
03/15/12,40.717274
03/16/12,45.873634
03/19/12,45.057777
03/20/12,45.041
03/21/12,39.993999
03/22/12,39.470001
03/23/12,46.392727
03/26/12,49.123333
03/27/12,46.947777
03/28/12,38.48
03/29/12,39.457272
03/30/12,49.990002
04-02-2012,53.037998
04-03-2012,46.787777
04-04-2012,40.884544
04-05-2012,49.106998
04-09-2012,52.895
04-10-2012,49.433998
04-11-2012,40.964001
04-12-2012,41.833572
04/13/12,50.073334
04/16/12,56.18111
04/17/12,50.029999
04/18/12,43.209999
04/19/12,42.756001
04/20/12,48.913002
04/23/12,51.148998
04/24/12,47.568001
04/25/12,37.43
04/26/12,38.611
04/27/12,48.372726
04/30/12,52.067272
05-01-2012,47.485001
05-02-2012,42.186001
05-03-2012,40.239998
05-04-2012,48.359093
05-07-2012,49.888
05-08-2012,47.778999
05-09-2012,44.051998
05-10-2012,41.487274
05-11-2012,53.394547
05/14/12,55.102001
05/15/12,50.396
05/16/12,44.292
05/17/12,41.396362
05/18/12,50.978889
05/21/12,46.373749
05/22/12,42.433334
05/23/12,42.918751
05/24/12,39.686668
05/25/12,52.075554
05/29/12,53
05/30/12,39.831001
05/31/12,42.932728
06-01-2012,50.385834
06-04-2012,50.132999
06-05-2012,46.543999
06-06-2012,40.163002
06-07-2012,39.374001
06-08-2012,47.094543
06-11-2012,52.380001
06-12-2012,49.652
06/13/12,42.092999
06/14/12,42.069092
06/15/12,55.68
06/18/12,59.085999
06/19/12,59.042
06/20/12,50.014
06/21/12,47.002728
06/22/12,56.065453
06/25/12,58.273003
06/26/12,56.22625
06/27/12,45.550907
06/28/12,46.776669
06/29/12,65.864998
07-02-2012,30.610001
07-03-2012,52.720833
07-05-2012,45.392727
07-06-2012,59.494545
07-09-2012,61.182999
07-10-2012,56.521999
07-11-2012,48.569
07-12-2012,49.153637
07/13/12,58.799091
07/16/12,64.035004
07/17/12,60.066998
07/18/12,56.112
07/19/12,55.841816
07/20/12,57.932499
07/23/12,57.315556
07/24/12,51.048889
07/25/12,54.705002
07/26/12,54.664444
07/27/12,52.014999
07/30/12,52.329166
07/31/12,52.548
08-01-2012,50.332001
08-02-2012,47.74818
08-03-2012,49.170834
08-06-2012,57.366669
08-07-2012,53.242001
08-08-2012,53.638
08-09-2012,53.284546
08-10-2012,56.312729
08/13/12,59.740002
08/14/12,58.862
08/15/12,55.355999
08/16/12,50.504547
08/17/12,50.408184
08/20/12,53.718998
08/21/12,52.192001
08/22/12,51.48
08/23/12,48.864544
08/24/12,51.482727
08/27/12,67.205002
08/28/12,52.709091
08/29/12,47.681252
08/30/12,48.086666
08/31/12,47.674442
09-04-2012,57.088749
09-05-2012,54.76857
09-06-2012,46.14909
09-07-2012,55.376366
09-10-2012,57.058998
09-11-2012,48.633999
09-12-2012,46.875999
09/13/12,46.569092
09/14/12,46.127274
09/17/12,51.43
09/18/12,49.622002
09/19/12,48.343998
09/20/12,48.633999
09/21/12,45.935455
09/24/12,52.402
09/25/12,50.958889
09/26/12,50.588001
09/27/12,43.506668
09/28/12,47.556667
10-01-2012,55.581001
10-02-2012,50.732998
10-03-2012,47.068001
10-04-2012,39.620998
10-05-2012,48.075455
10-08-2012,54.158001
10-09-2012,50.014
10-10-2012,51.538002
10-11-2012,54.199089
10-12-2012,49.397274
10/15/12,55.612
10/16/12,52.632999
10/17/12,47.027779
10/18/12,46.160999
10/19/12,56.996666
10/22/12,55.521111
10/23/12,48.08091
10/24/12,53.771999
10/25/12,51.737499
10/26/12,50.668999
10/29/12,57.865715
10/30/12,51.279999
10/31/12,48.869999
11-01-2012,47.247501
11-02-2012,51.605453
11-05-2012,53.59
11-06-2012,46.157143
11-07-2012,45.306362
11-08-2012,45.634167
11-09-2012,47.104546
11/13/12,46.280998
11/14/12,45.561001
11/15/12,45.147274
11/16/12,47.014545
11/19/12,49.57
11/20/12,44.282856
11/21/12,46.845001
11/26/12,52.423752
11/27/12,52.778751
11/28/12,55.648888
11/29/12,50.086155
11/30/12,52.029999
12-03-2012,56.688
12-04-2012,55.542
12-05-2012,54.105453
12-06-2012,54.324547
12-07-2012,52.654545
12-10-2012,59.125
12-11-2012,56.343002
12-12-2012,57.200909
12/13/12,54.130001
12/14/12,51.033333
12/17/12,55.903999
12/18/12,48.996002
12/19/12,44.495556
12/20/12,41.167145
12/21/12,36.580002
12/27/12,44.036251
12/31/12,44.609093
01-02-2013,48.370716
01-03-2013,44.335999
01-04-2013,46.954613
12-03-2012,56.688
12-04-2012,55.542
12-05-2012,54.105453
12-06-2012,54.324547
12-07-2012,52.654545
12-10-2012,59.125
12-11-2012,56.343002
12-12-2012,57.200909
12/13/12,54.130001
12/14/12,51.033333
12/17/12,55.903999
12/18/12,48.996002
12/19/12,44.495556
12/20/12,41.167145
12/21/12,36.580002
12/27/12,44.036251
12/31/12,44.609093
01-02-2013,48.370716
01-03-2013,44.335999
01-04-2013,46.954613
01-07-2013,47.439999
01-08-2013,46.000835
01-09-2013,49.209
01-10-2013,46.435555
01-11-2013,43.111668
01/14/13,48.744446
01/15/13,47.684998
01/16/13,49.151249
01/17/13,46.013638
01/18/13,45.298
01/22/13,46.448334
01/23/13,50.609001
01/24/13,48.611
01/25/13,47.288998
01/28/13,48.721001
01/29/13,47.461819
01/30/13,50.37125
01/31/13,49.233334
02-01-2013,48.144165
02-04-2013,48.870003
02-05-2013,47.770908
02-06-2013,50.194
02-07-2013,45.486362
02-08-2013,43.689999
02-11-2013,49.938889
02-12-2013,46.695999
02/13/13,43.290001
02/14/13,42.754547
02/15/13,41.143639
02/19/13,47.095455
02/20/13,52.776665
02/21/13,45.894001
02/25/13,52.298183
02/26/13,49.48111
02/27/13,44.37125
02/28/13,47.906666
03-01-2013,46.100834
03-04-2013,48.263638
03-05-2013,48.468182
03-06-2013,52.142998
03-07-2013,44.668999
03-08-2013,46.925835
03-11-2013,47.234547
03-12-2013,48.074547
03/13/13,50.013
03/14/13,44.745998
03/15/13,46.41
03/18/13,45.779091
03/19/13,45.873634
03/20/13,45.057777
03/21/13,45.041
03/22/13,47.796364
03/25/13,45.550911
03/26/13,46.392727
03/27/13,46.947777
03/28/13,45.116154
04-01-2013,50.906666
04-02-2013,49.990002
04-03-2013,53.037998
04-04-2013,46.787777
04-05-2013,44.636925
04-08-2013,48.993
04-09-2013,49.106998
04-10-2013,52.895
04-11-2013,49.433998
04-12-2013,46.049091
04/15/13,46.868999
04/16/13,50.073334
04/17/13,56.18111
04/18/13,50.029999
04/19/13,46.542309
04/22/13,46.955456
04/23/13,48.913002
04/24/13,51.148998
04/25/13,47.568001
04/26/13,45.066666
04/29/13,47.629089
04/30/13,48.372726
05-01-2013,52.067272
05-02-2013,47.485001
05-03-2013,44.796665
05-06-2013,46.41
05-07-2013,48.359093
05-08-2013,49.888
05-09-2013,47.778999
05-10-2013,46.01923
05/13/13,50.869091
05/14/13,53.394547
05/15/13,55.102001
05/16/13,50.396
05/17/13,47.064167
05/20/13,50.980999
05/21/13,50.978889
05/22/13,46.373749
05/23/13,42.918751
05/24/13,46.494286
05/28/13,49.758999
05/29/13,52.075554
05/30/13,39.831001
05/31/13,46.84
06-03-2013,50.48
06-04-2013,50.385834
06-05-2013,50.132999
06-06-2013,46.543999
06-07-2013,42.915833
06-10-2013,43.952728
06-11-2013,47.094543
06-12-2013,52.380001
06/13/13,49.652
06/14/13,46.700832
06/17/13,51.692726
06/18/13,55.68
06/19/13,59.085999
06/20/13,59.042
06/21/13,49.203335
06/24/13,52.167274
06/25/13,56.065453
06/26/13,58.273003
06/27/13,45.550907
06/28/13,56.934544
07-01-2013,62.640999
07-02-2013,65.864998
07-03-2013,51.238335
07-05-2013,52.720833
07-08-2013,57.630909
07-09-2013,59.494545
07-10-2013,61.182999
07-11-2013,56.521999
07-12-2013,53.615833
07/15/13,56.126366
07/16/13,58.799091
07/17/13,64.035004
07/18/13,60.066998
07/19/13,54.561668
07/22/13,55.067272
07/23/13,57.932499
07/24/13,57.315556
07/25/13,51.048889
07/26/13,52.008331
07/29/13,53.301109
07/30/13,52.014999
07/31/13,52.329166
08-01-2013,52.548
08-02-2013,48.619167
08-05-2013,49.575455
08-06-2013,49.170834
08-07-2013,57.366669
08-08-2013,53.242001
08-09-2013,52.262726
08-12-2013,50.912727
08/13/13,56.312729
08/14/13,59.740002
08/15/13,58.862
08/16/13,48.635002
08/19/13,47.810909
08/20/13,50.408184
08/21/13,53.718998
08/22/13,52.192001
08/23/13,48.67923
08/26/13,48.123001
08/27/13,51.482727
08/28/13,67.205002
08/29/13,52.709091
08/30/13,43.801113
09-03-2013,45.523335
09-04-2013,47.674442
09-05-2013,57.088749
09-06-2013,46.794998
09-09-2013,48.345455
09-10-2013,55.376366
09-11-2013,57.058998
09-12-2013,48.633999
09/13/13,46.345833
09/16/13,44.743637
09/17/13,46.127274
09/18/13,51.43
09/19/13,49.622002
09/20/13,49.432499
09/23/13,45.553635
09/24/13,45.935455
09/25/13,52.402
09/26/13,50.958889
09/27/13,43.506668
09/30/13,49.996666
10-01-2013,47.556667
10-02-2013,55.581001
10-03-2013,50.732998
10-04-2013,47.386665
10-07-2013,45.702999
10-08-2013,48.075455
10-09-2013,54.158001
10-10-2013,50.014
10-11-2013,49.192726
10/14/13,51.024548
10/15/13,49.397274
10/16/13,55.612
10/17/13,52.632999
10/18/13,49.253845
10/21/13,48.447777
10/22/13,56.996666
10/23/13,55.521111
10/24/13,48.08091
10/25/13,51.075001
10/28/13,49.01091
10/29/13,50.668999
10/30/13,57.865715
10/31/13,51.279999
11-01-2013,46.618183
11-04-2013,45.206364
11-05-2013,51.605453
11-06-2013,53.59
11-07-2013,45.306362
11-08-2013,45.634167
11-11-2013,47.104546
11-12-2013,47.104546
11/13/13,52.392223
11/14/13,46.280998
11/15/13,46.041668
11/18/13,43.877274
11/19/13,47.014545
11/20/13,49.57
11/21/13,44.915714
11/22/13,46.845001
11/25/13,47.021999
11/26/13,52.778751
11/27/13,50.086155
12-02-2013,49.121819
12-03-2013,52.029999
12-04-2013,56.688
12-05-2013,55.542
12-06-2013,56.26091
12-09-2013,51.643002
12-10-2013,52.654545
12-11-2013,59.125
12-12-2013,56.343002
12/13/13,53.167271
12/16/13,49.452728
12/17/13,51.033333
12/18/13,55.903999
12/19/13,48.996002
12/20/13,41.167145
12/23/13,44.610001
12/26/13,51.90889
12/27/13,45.93
12/30/13,47.474285
12/31/13,44.609093
01-02-2014,48.370716
01-03-2014,45.514614
01-06-2014,46.954613
01-07-2014,47.439999
01-08-2014,46.000835
01-09-2014,49.209
01-10-2014,46.821251
1/13/14,43.111668
1/14/14,48.744446
1/15/14,47.684998
1/16/14,51.056
1/17/14,46.148888
1/21/14,50.584446
1/22/14,46.448334
1/23/14,50.609001
1/24/14,43.782726
1/27/14,47.288998
1/28/14,48.721001
1/29/14,47.461819
1/30/14,49.233334
1/31/14,45.923637
02-03-2014,48.144165
02-04-2014,48.870003
02-05-2014,47.770908
02-06-2014,50.194
02-07-2014,42.425453
02-10-2014,43.689999
02-11-2014,49.938889
02-12-2014,46.695999
2/13/14,48.123333
2/14/14,45.971668
2/18/14,47.401112
2/19/14,47.095455
2/20/14,52.776665
2/21/14,42.234547
2/24/14,46.709091
2/25/14,52.298183
2/26/14,49.48111
2/27/14,47.906666
2/28/14,43.392727
03-03-2014,46.100834
03-04-2014,48.263638
03-05-2014,48.468182
03-06-2014,52.142998
03-07-2014,42.654545
03-10-2014,46.925835
03-11-2014,47.234547
03-12-2014,48.074547
3/13/14,50.013
3/14/14,40.717274
3/17/14,46.41
3/18/14,45.779091
3/19/14,45.873634
3/20/14,45.057777
3/21/14,39.470001
3/24/14,47.796364
3/25/14,45.550911
3/26/14,46.392727
3/27/14,49.123333
3/28/14,39.457272
3/31/14,45.116154
04-01-2014,50.906666
04-02-2014,49.990002
04-03-2014,53.037998
04-04-2014,40.884544
04-07-2014,44.636925
04-08-2014,48.993
04-08-2014,48.993
04-09-2014,49.106998
04-10-2014,52.895
04-11-2014,41.833572
4/14/14,46.049091
4/15/14,46.868999
4/16/14,56.18111
4/17/14,42.756001
4/21/14,46.542309
4/22/14,46.955456
4/23/14,48.913002
4/24/14,51.148998
4/25/14,38.611
4/28/14,45.066666
4/29/14,47.629089
4/30/14,48.372726
05-01-2014,52.067272
05-02-2014,40.239998
05-05-2014,44.796665
05-06-2014,46.41
05-07-2014,48.359093
05-08-2014,49.888
05-09-2014,41.487274
05-12-2014,46.01923
05-12-2014,46.01923
5/13/14,50.869091
5/14/14,53.394547
5/15/14,55.102001
5/16/14,41.396362
5/19/14,47.064167
5/20/14,50.980999
5/21/14,50.978889
5/22/14,42.433334
5/23/14,39.686668
5/27/14,46.494286
5/28/14,49.758999
5/29/14,52.075554
5/30/14,42.932728
06-02-2014,46.84
06-03-2014,50.48
06-04-2014,50.385834
06-05-2014,50.132999
06-06-2014,50.385834
06-09-2014,42.915833
06-10-2014,43.952728
06-12-2014,47.094543
06-12-2014,52.380001
6/13/14,42.069092
6/16/14,46.700832
6/17/14,51.692726
6/18/14,55.68
6/19/14,59.085999
6/20/14,47.002728
6/23/14,49.203335
6/24/14,52.167274
6/25/14,56.065453
6/26/14,58.273003
6/27/14,46.776669
6/30/14,56.934544
07-01-2014,62.640999
07-03-2014,45.392727
07-07-2014,52.791817
07-08-2014,57.630909
07-09-2014,59.494545
07-10-2014,61.182999
07-11-2014,49.153637
7/14/14,53.615833
7/15/14,56.126366
7/16/14,58.799091
7/17/14,64.035004
7/18/14,55.841816
7/21/14,54.561668
7/22/14,55.067272
7/23/14,57.932499
7/24/14,57.315556
7/25/14,54.664444
7/28/14,52.008331
7/29/14,53.301109
7/30/14,52.014999
7/31/14,52.329166
08-01-2014,47.74818
08-04-2014,48.619167
08-05-2014,49.575455
08-06-2014,49.170834
08-07-2014,57.366669
08-08-2014,53.284546
08-11-2014,52.262726
08-12-2014,50.912727
8/13/14,56.312729
8/14/14,59.740002
8/15/14,50.504547
8/18/14,48.635002
8/19/14,47.810909
8/20/14,50.408184
8/21/14,53.718998
8/22/14,48.864544
8/25/14,48.67923
8/26/14,48.67923
8/27/14,51.482727
8/28/14,52.709091
8/29/14,48.086666
09-02-2014,43.801113
09-03-2014,45.523335
09-04-2014,47.674442
09-05-2014,46.14909
09-08-2014,46.794998
09-09-2014,48.345455
09-10-2014,55.376366
09-11-2014,57.058998
09-12-2014,46.569092
9/15/14,46.345833
9/16/14,44.743637
9/17/14,46.127274
9/18/14,51.43
9/22/14,49.432499
9/23/14,45.553635
9/24/14,45.935455
9/25/14,52.402
9/26/14,50.040001
9/29/14,43.506668
9/30/14,49.996666
10-01-2014,47.556667
10-02-2014,55.581001
10-03-2014,39.620998
10-06-2014,47.386665
10-07-2014,45.702999
10-08-2014,48.075455
10-09-2014,54.158001
10-10-2014,54.199089
10/14/14,51.024548
10/15/14,49.397274
10/16/14,55.612
10/17/14,46.160999
10/20/14,49.253845
10/21/14,48.447777
10/22/14,56.996666
10/23/14,55.521111
10/24/14,51.737499
10/27/14,51.075001
10/28/14,49.01091
10/29/14,49.01091
10/30/14,51.279999
10/31/14,47.247501
11-03-2014,46.618183
11-04-2014,45.206364
11-05-2014,51.605453
11-06-2014,53.59
11-07-2014,46.532501
11-10-2014,45.634167
11-12-2014,47.104546
11/13/14,52.392223
11/14/14,45.147274
11/17/14,46.041668
11/18/14,43.877274
11/19/14,47.014545
11/20/14,49.57
11/21/14,44.282856
11/24/14,46.845001
11/25/14,52.423752
11/28/14,50.086155
12-02-2014,49.121819
12-03-2014,52.029999
12-04-2014,56.688
12-08-2014,56.26091
12-09-2014,51.643002
12-10-2014,52.654545
12-11-2014,59.125
12/14/14,54.130001
12/15/14,53.167271
12/16/14,49.452728
12/17/14,51.033333
12/22/14,41.167145
12/23/14,44.610001
12/26/14,51.90889
12/29/14,45.93
12/30/14,47.474285
01-02-2015,48.370716
01-05-2015,45.514614
01-06-2015,46.954613
01-07-2015,47.439999
01-08-2015,46.000835
01-09-2015,45.82111
01-12-2015,46.821251
1/13/15,43.111668
1/14/15,48.744446
1/15/15,49.151249
1/20/15,45.298
1/21/15,50.584446
1/22/15,46.448334
1/23/15,47.308887
1/26/15,43.782726
1/28/15,48.721001
1/30/15,46.470001
02-02-2015,45.923637
02-03-2015,48.144165
02-04-2015,48.870003
02-05-2015,47.770908
02-06-2015,44.48111
02-09-2015,42.425453
02-10-2015,43.689999
02-11-2015,49.938889
02-12-2015,43.290001
2/13/15,42.754547
2/17/15,41.143639
2/18/15,47.401112
2/19/15,47.095455
2/20/15,42.575001
2/23/15,42.234547
2/24/15,46.709091
2/25/15,52.298183
2/26/15,49.48111
2/27/15,42.910908
03-02-2015,43.392727
03-03-2015,46.100834
03-04-2015,48.263638
03-05-2015,48.468182
03-06-2015,39.681
03-09-2015,42.654545
03-10-2015,46.925835
03-11-2015,47.234547
03-12-2015,48.074547
3/13/15,40.070999
3/16/15,40.717274
3/17/15,46.41
3/18/15,45.779091
3/19/15,45.873634
3/20/15,39.993999
3/23/15,39.470001
3/24/15,47.796364
3/25/15,45.550911
3/26/15,46.392727
3/27/15,38.48
3/30/15,39.457272
3/31/15,45.116154
04-01-2015,49.990002
04-02-2015,42.745556
04-06-2015,40.884544
04-07-2015,44.636925
04-08-2015,48.993
04-09-2015,49.106998
04-10-2015,40.964001
4/13/15,41.833572
4/14/15,46.049091
4/15/15,46.868999
4/16/15,50.073334
4/17/15,43.209999
4/20/15,42.756001
4/21/15,46.542309
4/22/15,46.955456
4/23/15,48.913002
4/24/15,37.43
4/27/15,38.611
4/28/15,45.066666
4/28/15,45.066666
4/29/15,47.629089
4/30/15,48.372726
05-01-2015,42.186001
05-04-2015,40.239998
05-05-2015,44.796665
05-06-2015,46.41
05-07-2015,48.359093
05-08-2015,44.051998
05-11-2015,41.487274
05-12-2015,46.01923
5/13/15,50.869091
5/14/15,53.394547
5/15/15,44.292
5/18/15,41.396362
5/19/15,47.064167
5/20/15,50.980999
5/21/15,46.373749
5/22/15,35.603333
5/26/15,39.686668
5/27/15,46.494286
5/28/15,52.075554
5/29/15,39.831001
06-01-2015,42.932728
06-02-2015,46.84
06-03-2015,50.48
06-04-2015,50.385834
06-05-2015,40.163002
06-08-2015,39.374001
06-09-2015,42.915833
06-10-2015,43.952728
06-11-2015,47.094543
06-12-2015,42.092999
6/15/15,42.069092
6/16/15,46.700832
6/17/15,51.692726
6/18/15,55.68
6/19/15,50.014
6/22/15,47.002728
6/23/15,49.203335
6/24/15,52.167274
6/25/15,56.065453
6/26/15,45.550907
6/29/15,46.776669
6/30/15,56.934544
07-01-2015,62.640999
07-02-2015,52.720833
07-06-2015,45.392727
07-07-2015,52.791817
07-08-2015,57.630909
07-09-2015,59.494545
07-10-2015,48.569
7/13/15,49.153637
7/14/15,53.615833
7/15/15,56.126366
7/16/15,58.799091
7/17/15,56.112
7/20/15,55.841816
7/21/15,54.561668
7/22/15,55.067272
7/23/15,57.932499
7/24/15,54.705002
7/27/15,54.664444
7/28/15,52.008331
7/29/15,53.301109
7/30/15,52.329166
7/31/15,50.332001
08-03-2015,47.74818
08-04-2015,48.619167
08-05-2015,49.575455
08-06-2015,49.170834
08-07-2015,53.638
08-10-2015,53.284546
08-11-2015,52.262726
08-12-2015,50.912727
8/13/15,56.312729
8/14/15,55.355999
8/17/15,50.504547
8/18/15,48.635002
8/19/15,47.810909
8/20/15,50.408184
8/21/15,51.48
8/24/15,48.864544
8/25/15,48.67923
8/26/15,48.123001
8/27/15,51.482727
8/28/15,47.681252
8/31/15,52.154442
09-01-2015,48.086666
09-02-2015,43.801113
09-03-2015,47.674442
09-04-2015,46.14909
09-08-2015,46.794998
09-09-2015,48.345455
09-10-2015,55.376366
09-11-2015,46.875999
9/14/15,46.569092
9/15/15,46.345833
9/16/15,44.743637
9/17/15,46.127274
9/18/15,48.343998
9/21/15,48.633999
9/22/15,49.432499
9/23/15,45.553635
9/24/15,45.935455
9/25/15,50.588001
9/28/15,50.040001
9/29/15,43.506668
9/30/15,49.996666
10-01-2015,47.556667
10-02-2015,47.068001
10-05-2015,39.620998
10-06-2015,47.386665
10-07-2015,45.702999
10-08-2015,48.075455
10-09-2015,51.538002
10-12-2015,54.199089
10/13/15,49.192726
10/14/15,51.024548
10/15/15,49.397274
10/16/15,47.027779
10/19/15,46.160999
10/20/15,49.253845
10/21/15,48.447777
10/22/15,56.996666
10/23/15,53.771999
10/26/15,51.737499
10/27/15,51.075001
10/28/15,49.01091
10/29/15,50.668999
10/30/15,48.869999
11-02-2015,47.247501
11-03-2015,46.618183
11-04-2015,45.206364
11-05-2015,51.605453
11-06-2015,45.306362
11-09-2015,46.532501
11-10-2015,45.634167
11-12-2015,47.104546
11/13/15,45.561001
11/16/15,45.147274
11/17/15,46.041668
11/18/15,43.877274
11/19/15,47.014545
11/20/15,40.073334
11/23/15,44.282856
11/24/15,49.164001
11/25/15,52.423752
11/30/15,55.586365
12-01-2015,50.086155
12-02-2015,49.121819
12-03-2015,52.029999
12-04-2015,54.105453
12-07-2015,54.324547
12-08-2015,56.26091
12-09-2015,51.643002
12-10-2015,52.654545
12-11-2015,57.200909
12/14/15,54.130001
12/15/15,53.167271
12/16/15,49.452728
12/17/15,51.033333
12/18/15,44.495556
12/21/15,55.616249
12/22/15,44.610001
12/28/15,44.036251
12/29/15,45.93
12/30/15,44.609093
12/30/15,44.609093
12/31/15,44.335999
12/31/15,44.335999
01-04-2016,46.763847
01-04-2016,46.763847
01-05-2016,45.514614
01-05-2016,45.514614
01-06-2016,46.954613
01-07-2016,47.439999
01-08-2016,46.435555
01-11-2016,45.82111
01-12-2016,46.821251
1/13/16,43.111668
1/15/16,47.684998
1/15/16,51.056
1/19/16,46.148888
1/20/16,45.298
1/21/16,50.584446
1/22/16,48.611
1/26/16,43.782726
1/27/16,47.288998
1/28/16,47.461819
1/29/16,49.233334
02-01-2016,46.470001
02-03-2016,45.923637
02-03-2016,48.144165
02-04-2016,48.870003
02-05-2016,45.486362
02-08-2016,44.48111
02-09-2016,42.425453
02-10-2016,43.689999
02-11-2016,46.695999
02-12-2016,48.123333
2/16/16,45.971668
2/17/16,41.143639
2/18/16,47.401112
2/19/16,45.894001
2/22/16,42.575001
2/23/16,42.234547
2/24/16,46.709091
2/25/16,52.298183
2/26/16,47.906666
2/29/16,42.910908
03-01-2016,43.392727
03-02-2016,46.100834
03-03-2016,48.263638
03-04-2016,44.668999
03-07-2016,39.681
03-08-2016,42.654545
03-09-2016,46.925835
03-10-2016,47.234547
03-11-2016,44.745998
3/14/16,40.070999
3/15/16,40.717274
3/16/16,46.41
3/17/16,45.779091
3/18/16,45.041
3/21/16,39.993999
3/22/16,39.470001
3/23/16,45.550911
3/24/16,46.947777
3/28/16,38.48
3/29/16,39.457272
3/30/16,45.116154
3/31/16,50.906666
04-01-2016,46.787777
04-04-2016,42.745556
04-05-2016,40.884544
04-06-2016,44.636925
04-07-2016,48.993
04-08-2016,49.433998
04-11-2016,40.964001
04-12-2016,41.833572
4/13/16,46.049091
4/14/16,46.868999
4/15/16,50.029999
4/18/16,43.209999
4/19/16,42.756001
4/20/16,46.542309
4/21/16,46.955456
4/22/16,47.568001
4/25/16,37.43
4/26/16,38.611
4/27/16,45.066666
4/28/16,47.629089
4/29/16,47.485001
05-02-2016,42.186001
05-03-2016,40.239998
05-04-2016,44.796665
05-05-2016,46.41
05-06-2016,47.778999
05-09-2016,44.051998
05-10-2016,41.487274
05-11-2016,46.01923
05-12-2016,50.869091
5/13/16,50.396
5/16/16,44.292
5/17/16,41.396362
5/18/16,47.064167
5/19/16,50.980999
5/20/16,42.433334
5/23/16,42.918751
5/24/16,35.603333
5/25/16,39.686668
5/26/16,49.758999
5/27/16,39.831001
5/31/16,42.932728
06-01-2016,46.84
06-02-2016,50.48
06-03-2016,46.543999
06-06-2016,40.163002
06-07-2016,39.374001
06-08-2016,42.915833
06-09-2016,43.952728
06-10-2016,49.652
6/13/16,42.092999
6/14/16,42.069092
6/15/16,46.700832
6/16/16,51.692726
6/17/16,59.042
6/20/16,50.014
6/21/16,47.002728
6/22/16,49.203335
6/23/16,52.167274
6/24/16,56.22625
6/27/16,45.550907
6/28/16,46.776669
6/29/16,62.640999
6/30/16,52.720833
07-01-2016,52.720833
07-05-2016,45.392727
07-06-2016,52.791817
07-07-2016,57.630909
07-08-2016,56.521999
07-11-2016,48.569
07-12-2016,49.153637
7/13/16,53.615833
7/14/16,56.126366
7/15/16,60.066998
7/18/16,56.112
7/19/16,55.841816
7/20/16,54.561668
7/21/16,55.067272
7/22/16,51.048889
7/25/16,54.705002
7/26/16,54.664444
7/27/16,52.008331
7/28/16,52.014999
7/29/16,52.548
08-01-2016,50.332001
08-02-2016,47.74818
08-03-2016,48.619167
08-04-2016,49.575455
08-05-2016,53.242001
08-08-2016,53.638
08-09-2016,53.284546
08-10-2016,52.262726
08-11-2016,50.912727
08-12-2016,58.862
8/15/16,55.355999
8/16/16,50.504547
8/17/16,48.635002
8/18/16,47.810909
8/19/16,52.192001
8/22/16,51.48
8/23/16,48.864544
8/24/16,48.67923
8/25/16,48.123001
8/26/16,52.709091
8/29/16,47.681252
8/30/16,52.154442
8/31/16,48.086666
09-01-2016,45.523335
09-02-2016,54.76857
09-06-2016,46.14909
09-07-2016,46.794998
09-08-2016,48.345455
09-09-2016,48.633999
09-12-2016,46.875999
9/13/16,46.569092
9/14/16,46.345833
9/15/16,44.743637
9/16/16,49.622002
9/19/16,48.343998
9/20/16,48.633999
9/21/16,49.432499
9/22/16,45.553635
9/23/16,50.958889
9/26/16,50.588001
9/27/16,50.040001
9/28/16,43.506668
9/29/16,47.556667
9/30/16,50.732998
10-03-2016,47.068001
10-04-2016,39.620998
10-05-2016,47.386665
10-06-2016,45.702999
10-07-2016,50.014
10-10-2016,51.538002
10-11-2016,54.199089
10-12-2016,49.192726
10/13/16,51.024548
10/14/16,52.632999
10/17/16,47.027779
10/18/16,46.160999
10/19/16,49.253845
10/20/16,48.447777
10/21/16,48.08091
10/24/16,53.771999
10/25/16,51.737499
10/26/16,51.075001
10/27/16,49.01091
10/28/16,51.279999
10/31/16,48.869999
11-01-2016,47.247501
11-02-2016,46.618183
11-03-2016,45.206364
11-04-2016,46.157143
11-07-2016,45.306362
11-08-2016,46.532501
11-09-2016,48.290001
11-10-2016,46.280998
11/14/16,45.561001
11/15/16,45.147274
11/16/16,46.041668
11/17/16,43.877274
11/18/16,44.915714
11/21/16,40.073334
11/28/16,55.648888
11/29/16,55.586365
11/30/16,50.086155
12-01-2016,49.121819
12-02-2016,55.542
12-05-2016,54.105453
12-06-2016,54.324547
12-07-2016,56.26091
12-08-2016,51.643002
12-09-2016,56.343002
12-12-2016,57.200909
12/13/16,54.130001
12/14/16,53.167271
12/15/16,49.452728
12/16/16,48.996002
12/19/16,44.495556
12/20/16,55.616249
12/21/16,44.610001
12/22/16,54.008335
12/28/16,45.93
12/29/16,47.474285
12/30/16,48.370716
01-03-2017,44.335999
