Month,GenCalifornia : all fuels (utility-scale) thousand megawatthours,GenCalifornia : coal thousand megawatthours,GenCalifornia : petroleum liquids thousand megawatthours,GenCalifornia : petroleum coke thousand megawatthours,GenCalifornia : natural gas thousand megawatthours,GenCalifornia : other gases thousand megawatthours,GenCalifornia : nuclear thousand megawatthours,GenCalifornia : conventional hydroelectric thousand megawatthours,GenCalifornia : other renewables thousand megawatthours,GenCalifornia : hydro-electric pumped storage thousand megawatthours,GenCalifornia : other thousand megawatthours,GenCalifornia: Geothermal electricity Total,GenCalifornia: Geothermal electric utility,GenCalifornia: Independent Power producers,GDP,Av Temp,Av Daily Max,Av Rel Humid,PrCalifornia : all sectors cents per kilowatthour,Bio Prod(Trillion BTU),BioMass Prod(Trill BTU),Total RenProd (TrillBtu),Hydro Consumption(TrillBtu),GeoConsump(TrillBtu),Solar Consump(TrillionBTU),WindConsump(TrillBTU),WoodConsump (TrillBTU),WasteConsump(TrillBTU),Biofuels Consump(TrillBTU),Total Biomass Consump(TrillBTU),Total Renewable Consump(TrillBTU),"Natural Gas Price, Citygate (Dollars per Thousand Cubic Feet)","Natural Gas Price, Delivered to Consumers, Residential (Dollars per Thousand Cubic Feet)",Percentage of Residential Sector Consumption for Which Price Data Are Available (Percent),"Natural Gas Price, Delivered to Consumers, Commercial (Dollars per Thousand Cubic Feet)",Percentage of Commercial Sector Consumption for Which Price Data Are Available (Percent),"Natural Gas Price, Delivered to Consumers, Industrial (Dollars per Thousand Cubic Feet)",Percentage of Industrial Sector Consumption for Which Price Data Are Available (Percent),"Natural Gas Price, Electric Power Sector (Dollars per Thousand Cubic Feet)",Percentage of Electric Power Sector Consumption for Which Price Data Are Available (Percent)
Aug-17,21943.40919,24.78714,3.31689,0,11078.2571,124.78807,1682.881,3923.96188,4915.52671,107.797,82.0934,1059.46343,67.833,991.63043,2340,77.31,94.37,55.52,17.6,192,405,1000,275,19,90,180,170,41,200,405,1000,4.6,15,95,8.9,64,4,14.5,3.5,85
Jul-17,20980.32206,23.12607,3.44655,0,9653.23988,111.09914,1648.012,4371.9808,5008.5397,79.494,81.38391,1067.03857,67.668,999.37057,2315,77.49,94.58,51.96,17.53,195.189,411.792,904.747,244.376,19.407,82.763,146.41,170.705,40.351,197.739,408.795,901.75,4.63,17.75,95.8,8.9,56.9,3.96,14.5,3.32,80
Jun-17,18260.48619,26.82868,3.31392,0,7191.91812,118.54188,959.831,4455.83824,5388.1809,38.328,77.70546,995.44677,65.894,929.55277,2330,72.78,88.7,55.66,17.55,190.91,400.461,973.768,285.851,18.14,88.257,181.058,163.552,39.321,198.379,401.251,974.558,4.75,15.96,94.5,8.76,58,4.1,14.4,3.41,82.1
May-17,16878.5582,14.41477,3.32468,0,5243.68841,136.91117,840.135,4972.12223,5532.79051,66.093,69.07843,1011.53061,66.927,944.60361,2325,63.81,78.68,60.21,15.46,196.188,404.818,1014.398,299.344,18.644,83.532,208.06,162.053,41.199,199.78,403.032,1012.611,4.39,13.18,95.6,8.32,61.1,4.08,13.8,3.62,82.4
Apr-17,15436.0664,19.33808,3.53045,0,4248.56449,129.62659,1412.868,4397.51087,5155.78836,-9.016,77.85556,1057.37101,68.197,989.17401,2320,62.91,76.2,48.93,13.12,182.462,388.275,988.339,272.454,19.221,71.658,236.731,158.32,41.606,182.924,382.849,982.914,4.17,11.39,95.3,8.09,65.1,4.18,14.5,3.49,82.4
Mar-17,16101.84657,27.06185,,0,4816.73759,118.23473,1569.141,4481.18059,5062.00859,-50.835,74.80253,1082.7378,56.149,1026.5888,2315,61.41,71.74,48.52,15.39,195.997,416.97,1022.577,281.415,19.676,65.959,238.556,168.991,45.028,190.12,404.139,1009.746,3.83,9.9,95.7,7.68,67.9,4.03,14.9,3.52,81.5
Feb-17,14675.37188,24.75212,7.26351,0,5704.01081,98.79892,1526.365,3551.52865,3779.51351,-82.698,65.83737,967.22971,60.535,906.69471,2310,52.5,59.21,77.52,15.3,175.638,377.482,867.702,229.352,17.632,41.091,202.144,154.814,41.6,165.621,362.036,852.255,4.13,10.06,95.9,7.9,69.1,4.62,15,3.74,84.3
Jan-17,17502.23856,26.51592,,0,7798.28985,77.19965,1645.132,3774.60505,3913.74114,192.666,70.12986,1094.56221,71.338,1023.22421,2305,51,57.16,67.98,15.12,195.404,418.369,921.883,258.177,19.749,35.95,189.638,169.669,46.733,177.482,393.884,897.399,4.21,9.38,96,7.59,70.5,4.91,15,4.32,83
Dec-16,15440.10464,28.22063,5.29934,0,7893.9298,101.50829,1693.349,2305.76856,3502.08061,-162.086,72.03441,1141.75015,71.851,1069.89915,2300.788425,53.47,61.1,56.82,14.88,203.194,428.355,909.635,210.031,20.475,36.521,214.253,172.266,45.419,202.068,419.752,901.032,3.96,9.06,96,7.27,68.2,4.32,14.7,4.16,95.7
Nov-16,14303.4336,25.36034,2.78295,0,7493.64962,109.44875,1622.046,1673.78372,3425.83053,-119.841,70.37269,1064.11324,70.038,994.07524,2295.341976,64.48,74.2,36.25,14.99,192.014,401.571,817.983,175.335,19.245,41.581,180.25,162.04,42.708,194.544,399.292,815.704,3.9,10.77,96,7.67,63.5,3.87,14.5,3.14,95.7
Oct-16,16766.74878,26.63405,5.66233,0,9093.28587,112.23015,1604.631,1731.42733,4109.85423,11.664,71.35981,1062.88637,72.147,990.73937,2289.895527,67.36,78.74,51.88,14.18,193.852,400.3,820.175,160.743,19.255,49.953,189.925,157.825,42.518,194.805,395.148,815.023,4.19,13.74,95.9,7.96,59.9,3.88,14.4,3.24,95.3
Sep-16,17941.70828,27.25635,10.90656,0,9344.52421,106.15809,1630.606,2296.58802,4444.97864,7.259,73.4314,1055.06322,69.532,985.53122,2284.449078,72.58,86.4,49.03,16.68,187.216,393.849,774.218,151.722,18.723,56.81,153.115,158.732,40.902,193.608,393.242,773.612,4.6,16.78,96,8.27,56.2,3.74,14.6,3.19,95.6
Aug-16,21267.55352,23.58608,5.05185,0,11364.34946,113.37364,1685.863,2866.19177,5191.68354,-53.675,71.12917,1064.92585,70.56,994.36585,2279.00263,74.75,91.13,52.08,17.15,198.477,417.145,804.721,180.407,18.831,61.967,126.371,168.04,44.59,204.085,416.715,804.292,4.33,17.6,95.8,8.3,54.7,3.59,14.6,3.07,95.1
Jul-16,21332.25208,26.09197,16.42667,0,10421.16505,120.74355,1695.468,3422.01843,5509.35861,46.578,74.40181,1056.84525,69.245,987.60025,2273.556181,75.56,91.55,50.84,16.93,195.919,412.801,857.549,197.999,18.65,64.135,163.964,167.77,44.993,200.618,413.381,858.129,4.42,16.55,95.9,8.14,56.9,3.58,14.2,3.07,95
Jun-16,19185.3466,24.62869,14.04147,0,8961.80661,119.65615,1526.133,3276.81788,5032.8341,159.231,70.19771,998.05971,68.9,929.15971,2268.109732,73.18,87.8,54.74,16.24,189.35,403.631,845.703,213.425,17.913,58.663,152.071,162.746,43.326,191.748,397.821,839.892,3.84,14.43,95.7,7.72,58,2.89,14.6,2.77,95.4
May-16,15585.98044,27.32232,19.81137,0,6110.94462,126.41566,846.524,3172.23394,5102.01842,113.303,67.40712,1059.71826,71.053,988.66526,2262.663283,60.11,73.39,74.26,14.94,188.777,399.177,887.828,236.352,19.133,58.012,175.155,160.407,43.492,192.405,396.303,884.955,3.44,11.62,95.4,7.32,60.2,2.9,14.6,2.49,95.7
Apr-16,14515.78706,25.84158,3.35659,0,5585.28286,127.79559,1635.303,2764.26932,4338.8528,-21.612,56.69732,945.75915,47.61,898.14915,2257.216834,63.05,75.23,50.23,12.67,174.648,378.001,876.052,237.405,17.688,49.638,193.321,153.977,44.468,173.059,371.505,869.556,3.22,9.65,95.6,6.98,65,3.01,14.5,2.52,95.6
Mar-16,14329.86535,28.33235,3.15744,0,5433.3719,113.83764,1694.947,2789.56485,4266.06146,-53.18,53.77271,1029.93393,69.961,959.97293,2251.770386,59,70.13,60.08,14.34,190.242,403.874,924.696,251.845,18.987,45.164,204.825,163.693,44.065,187.08,394.839,915.66,3.49,9.19,95.6,7.08,66.7,3.05,15.3,2.33,95.7
Feb-16,13474.89755,26.31688,2.7211,0,6909.82347,131.72562,1582.51,1555.58161,3301.31499,-88.55,53.45387,961.89545,65.506,896.38945,2246.321976,65.43,74.26,27.24,14.53,176.031,383.633,852.485,225.051,17.817,37.708,188.277,159.832,41.147,173.47,374.449,843.302,3.48,8.36,95.8,6.86,69.4,3.64,15.3,2.83,95.3
Jan-16,14894.4448,29.28458,3.33592,0,8918.84706,155.7331,1690.198,1090.26932,3038.41003,-98.44,66.80679,1027.89755,72.615,955.28255,2240.877488,53.56,61.23,61.01,14.74,185.228,406.357,862.036,236.949,19.091,26.946,172.694,171.978,44.234,171.332,387.544,843.224,3.39,8.28,96,6.75,70.4,3.62,15.2,3.17,94.8
Dec-15,15464.2775,30.77326,5.70026,0,9455.70234,143.69726,1583.563,860.47407,3322.63289,-12.887,74.62142,963.00448,74.068,888.93648,2235.426453,54.35,63.55,41.31,14.41,189.898,413.67,862.273,215.88,18.225,27.201,187.297,177.027,46.745,184.62,408.392,856.995,3.75,9.27,96,7.23,67.6,3.48,14.9,2.72,94.2
Nov-15,14125.99144,23.57758,3.29278,0,8829.90934,109.79735,1370.238,639.63176,3108.11761,-27.345,68.77202,935.08476,72.172,862.91276,2227.632848,60.19,69.9,34.1,15.03,181.749,396.415,807.312,180.209,17.647,29.627,183.414,169.516,45.15,178.594,393.259,804.156,3.69,10.02,96,7.39,63.8,3.28,14.8,2.78,94.8
Oct-15,17230.29106,15.63819,5.99539,0,11947.08342,98.31734,904.616,904.97509,3272.57857,11.542,69.54507,974.03923,72.516,901.52323,2219.839243,73.06,84.52,48.24,15.62,183.159,395.069,754.686,154.979,17.722,34.27,152.646,167.367,44.543,183.848,395.758,755.375,4,12.6,95.5,7.79,59.5,3.54,14.7,3.04,94.6
Sep-15,19034.01811,22.19944,7.19562,0,12315.96734,127.58786,1533.642,1375.12913,3579.95322,1.347,70.99651,873.53772,61.627,811.91072,2212.045638,76.68,90.67,51.39,17.36,175.497,387.217,722.778,149.981,16.429,38.951,130.201,169.853,41.867,182.449,394.169,729.731,4.56,16.4,95.8,8.43,55.8,3.65,14.5,3.2,94.4
Aug-15,20851.43236,25.25004,5.32404,0,12398.55561,146.87027,1666.228,1689.51715,4770.13361,76.119,73.43465,1039.43888,69.9,969.53888,2204.252033,76.54,91.45,53.25,17.19,184.812,408.341,771.59,178.199,17.919,45.238,121.893,179.457,44.071,189.046,412.574,775.823,4.59,16.88,95.4,8.46,55.6,3.79,14.3,3.23,94.7
Jul-15,20370.89691,24.99344,5.08304,0,11766.08201,158.0415,1681.722,1908.29799,4671.01915,80.543,75.11478,1048.06102,70.227,977.83402,2196.458429,71.86,86.39,63.92,17.31,187.267,411.496,797.737,195.832,18.036,44.931,127.442,178.621,45.608,188.694,412.923,799.164,4.65,16.28,95.7,8.49,56.9,3.74,14.6,3.23,94.9
Jun-15,18726.65189,24.94886,17.66328,0,10440.54838,138.6011,1639.554,1544.89917,4786.02364,80.404,54.00948,1022.28135,70.837,951.44435,2188.664824,72.81,88.5,53.69,16.12,184.164,396.702,772.563,190.239,17.349,43.201,125.073,170.552,41.985,186.184,398.722,774.584,4.44,15.07,95.5,8.52,57.9,3.76,14.6,3.25,94.9
May-15,15435.01408,26.76127,19.99216,0,7420.209,126.44698,1696.424,1254.51461,4737.98415,79.391,73.29092,1056.13936,72.401,983.73836,2180.871219,60.14,72.29,67.18,14.76,183.33,398.364,806.602,187.549,18.348,42.508,159.833,172.695,42.339,185.121,400.155,808.393,4.25,12.73,95.4,8.13,61.2,3.58,15.1,3.28,95.5
Apr-15,14568.67886,25.54035,4.49585,0,7620.946,103.17199,1645.487,981.91245,4095.32478,31.701,60.09943,938.9485,59.229,879.7195,2173.077614,62.91,75.13,44.6,12.64,172.115,381.474,814.012,209.407,17.077,39.551,166.504,167.706,41.652,170.204,379.562,812.101,3.93,10.43,95.4,8.03,64.8,3.96,14.6,3.24,95.6
Mar-15,14346.53259,26.72947,2.58264,0,7940.78283,108.94135,1694.001,899.49755,3651.89259,-36.263,58.36815,1042.56042,69.548,973.01242,2165.284009,66.26,77.58,42.27,14.22,179.665,394.67,816.886,226.274,18.384,34.904,142.655,172.174,42.831,175.549,390.554,812.77,4.35,9.28,95.4,7.85,69.9,4.46,15.4,3.71,94.4
Feb-15,12303.54033,24.33657,2.70019,0,6836.28741,106.78868,1526.21,895.99057,2930.35959,-86.686,67.55331,947.89034,63.662,884.22834,2157.490404,61.5,72.46,53.99,14.3,161.849,364.362,752.76,207.684,16.614,25.046,139.054,164.077,38.436,157.552,360.065,748.463,4.57,9.08,95.6,7.81,71,4.74,15.2,5.02,93.7
Jan-15,14246.53253,27.12559,4.48965,0,9167.53501,180.37674,1563.7,853.65856,2468.95167,-85.216,65.91132,1042.14896,71.01,971.13896,2149.696799,60.23,67.68,44.1,14.55,177.934,402.848,808.209,224.946,18.085,21.034,141.296,181.77,43.145,163.144,388.059,793.419,4.48,9.5,95.7,8.15,70.8,4.9,14.8,4.31,93.6
Dec-14,15094.80093,27.17762,3.929,0,9668.77496,123.47753,1529.595,987.91805,2749.82021,-68.615,72.72357,1023.8218,67.98,955.8418,2141.900584,55.76,62.39,62.13,14.46,191.27,429.398,821.425,212.347,18.469,21.307,139.904,194.57,43.558,183.006,421.133,813.16,5.15,10.01,95.6,8.53,68.4,5.62,15,4.5,94.8
Nov-14,14435.56772,27.29612,2.97446,0,8879.43792,138.33389,1422.921,831.80176,3061.16396,4.447,67.1916,1026.80412,69.197,957.60712,2135.453175,64.42,73.73,41.49,15.16,176.777,403.886,803.612,177.123,18.176,25.002,179.424,185.561,41.549,173.166,400.276,800.001,4.91,10.19,95.8,8.29,66,5.02,14.7,4.68,94.7
Oct-14,17837.41176,50.80151,4.32824,0.02089,12257.3552,119.11873,940.932,1007.92609,3374.78605,37.069,45.07405,1041.71092,72.076,969.63492,2129.005766,71.61,85.26,47.84,15.36,179.049,408.482,758.628,163.184,18.185,30.806,137.97,186.967,42.467,179.997,409.431,759.577,5.16,13.11,95.3,8.97,58.8,5.03,13.7,4.23,94.6
Sep-14,19258.36,109.04185,6.3936,3.6823,12433.53245,126.958,1611.914,1253.36986,3641.61373,-6.249,78.10321,1013.9085,68.596,945.3125,2122.558358,76.76,91.37,48.43,17.3,173.21,396.605,709.805,152.867,17.654,33.126,109.553,182.76,40.635,171.97,395.365,708.564,5.51,16.27,95.6,9.39,55.7,5.02,13.9,4.34,94.8
Aug-14,19609.77441,119.50739,4.10584,4.5381,11885.36689,115.21569,1508.498,1902.80319,4053.27769,-65.076,81.53762,1045.21863,71.118,974.10063,2109.66354,75.23,91,53.56,17.25,179.302,416.676,754.766,188.367,18.034,34.967,96.722,194.421,42.954,182.02,419.394,757.484,5.49,17.41,95.6,9.67,55.2,4.96,14.3,4.25,95.1
Jul-14,20038.75731,118.95261,4.26532,3.69058,11509.08061,115.41926,1663.326,2326.13635,4083.97057,135.467,78.44903,1047.54114,71.702,975.83914,2109.66354,75.2,91.68,58.21,17.05,183.262,421.422,821.14,231.639,17.942,34.235,115.902,193.166,44.994,179.716,417.876,817.594,5.99,17.23,95.5,10.06,55.7,5.43,14.7,4.58,94.7
Jun-14,16859.78769,117.58735,3.30502,4.7748,8134.58947,99.46755,1627.661,2226.01979,4569.44276,9.459,67.48096,1006.97516,71.213,935.76216,2103.216131,69.35,86.57,63.65,15.99,177.292,406.948,854.343,244.824,17.519,34.805,150.247,187.243,42.412,173.169,402.824,850.22,6.05,16.13,95.5,9.94,58.1,5.46,14.5,4.99,94.4
May-14,16423.09834,48.01294,5.02375,2.15348,8235.18247,94.66778,1679.904,2078.63681,4278.25654,-65.472,66.73258,1021.98589,74.026,947.95989,2096.768723,68.57,81.94,49.53,14.47,177.941,403.727,855.618,252.432,18.064,33.025,148.369,182.659,43.127,176.162,401.949,853.839,5.9,13.6,95.4,9.7,60.5,5.74,14.8,5.09,94.7
Apr-14,15121.17994,53.33554,2.8241,0,8195.34059,115.18829,1644.75,1424.29573,3670.46587,-52.505,67.48482,998.47655,68.915,929.56155,2090.321314,62.89,75.4,51.32,11.74,169.65,393.377,859.219,241.934,17.711,28.974,177.224,179.828,43.899,167.44,391.167,857.009,5.64,11.76,95.3,9.49,65.1,5.85,14.9,5.25,95
Mar-14,14120.89424,82.01781,2.75445,0,8610.77229,89.31978,960.097,954.4932,3364.72625,-18.549,75.26246,994.22043,72.37,921.85043,2083.873905,60.33,72.23,57.38,13.59,172.687,407.455,851.059,230.685,18.114,26.136,168.668,190.236,44.532,167.349,402.117,845.721,6.57,10.7,95.4,9.35,69.4,6.47,15.8,6.29,94.1
Feb-14,14291.93067,26.28818,2.62295,0,9959.62035,101.78837,799.061,726.16951,2622.30382,-14.496,68.5725,890.90107,61.025,829.87607,2077.426496,58.7,70.54,54.03,13.65,153.382,367.761,700.664,165.437,16.342,17.902,133.222,173.552,40.827,150.243,364.622,697.525,6.41,9.77,95.5,8.69,70.6,6.63,16.1,7.8,93.6
Jan-14,15716.05878,24.74067,4.91844,0,10657.38229,93.99616,1597.319,811.76982,2446.92983,-0.22,79.22256,990.1638,72.388,917.7758,2070.979088,64.22,74.26,23.96,13.86,169.589,405.457,816.316,205.737,18.279,16.507,170.336,190.944,44.923,162.608,398.475,809.335,5.56,9.26,95.7,8.11,70.7,5.69,15.5,7.46,94.5
Dec-13,17193.26303,28.54378,4.74588,0,11884.98495,92.32161,1677.928,918.78492,2513.3758,-2.247,74.8251,1018.33141,74.068,944.26341,2064.530435,58.11,68.26,30.73,13.23,185.25,419.564,790.162,201.585,18.423,17.331,133.26,189.457,44.857,185.201,419.515,790.113,4.93,9.14,95.8,7.81,69.2,4.97,17.2,5.11,94.3
Nov-13,15509.50258,30.41019,3.03301,0,10189.72896,117.34295,1595.494,1033.06189,2470.97455,-1.056,70.51302,923.56979,0.085,923.48479,2060.287022,62.1,72.8,46.03,14.02,176.018,399.495,753.467,168.655,16.959,17.579,150.779,181.209,42.268,174.953,398.429,752.401,4.78,10.04,95.8,7.94,65.7,4.62,16.9,4.36,94.6
Oct-13,16374.07442,46.36194,2.88963,0.93193,10315.60771,101.22473,1581.357,1409.26611,2807.27191,37.718,71.44545,1060.76943,62.8,997.96943,2056.043608,65.26,79.06,48.2,14.64,177.495,400.303,734.153,164.092,18.402,21.264,130.092,180.831,41.976,182.746,405.553,739.403,4.88,12.38,95.7,8.28,60.5,4.36,16.6,4.26,95.1
Sep-13,18906.16829,100.76612,4.22557,3.89504,11891.25556,137.66118,1634.281,1766.08468,3222.70921,66.125,79.16492,1034.47723,70.372,964.10523,2051.800195,75.04,89.9,42.68,15.66,162.24,378.787,691.658,161.826,17.616,22.046,111.382,176.634,39.914,169.992,386.54,699.41,5.21,15.69,95.6,8.8,56.6,4.36,16.3,4.22,95.2
Aug-13,19948.2186,111.2612,4.15384,4.27777,11937.3963,115.4386,1688.18,2628.51037,3433.47886,-52.61,78.13166,1062.55434,69.34,993.21434,2047.556781,75.43,92.42,47.73,15.66,166.758,396.999,736.584,206.403,18.011,23.254,91.917,188.043,42.198,170.073,400.313,739.898,5.24,16.43,95.6,9.04,56.2,4.31,15.9,4.03,94.9
Jul-13,20221.00993,118.02983,4.12695,3.50262,11679.53674,116.41448,1485.846,3192.66634,3422.24574,118.097,80.54423,1072.84343,73.763,999.08043,2043.313367,74.56,91.26,52.47,15.78,170.283,402.698,809.03,260.036,18.148,22.304,105.844,190.452,41.963,170.614,403.029,809.361,5.51,16.3,95.6,9.04,56.7,4.47,15.8,4.34,94.6
Jun-13,17518.19339,119.60669,2.96356,5.47863,9217.10201,111.29816,1483.963,2861.11788,3553.47277,85.543,77.6477,1009.72368,71.317,938.40668,2039.069954,70.2,86.3,57.47,15.84,167.146,386.711,818.588,261.271,17.415,22.02,131.171,179.128,40.437,172.553,392.117,823.995,5.74,15.02,95.5,9.07,58.4,4.9,16,4.56,95
May-13,15986.82837,54.20457,8.29393,2.74789,7788.85379,111.74856,1677.72,2707.41436,3575.20712,16.391,44.24714,1040.76338,61.391,979.37238,2034.82654,67.19,81.32,53.66,13.8,169.453,389.714,854.732,271.442,17.87,20.772,154.933,178.791,41.47,169.897,390.158,855.176,5.55,12.61,95.6,8.71,62.6,5,16.2,4.79,95.5
Apr-13,14730.20698,58.31894,4.95865,0,7392.38499,127.52788,1625.682,2253.96876,3233.84464,-0.123,33.64412,987.76523,56.001,931.76423,2030.583127,61.32,74.8,55.01,12.98,159.769,372.033,814.273,239.451,17.376,18.672,166.741,171.494,40.77,161.766,374.03,816.271,5.16,10.43,95.3,8.15,66.1,4.95,16.8,4.84,95.2
Mar-13,14469.71735,29.97111,3.12515,0,8590.14183,151.06825,995.689,1786.29115,2887.16809,-31.513,57.77577,1078.96126,73.408,1005.55326,2026.339713,60.83,75.23,50.37,12.84,159.161,382.909,764.775,195.918,18.543,17.08,150.325,181.589,42.16,160.999,384.748,766.613,4.75,9.35,95.6,7.77,68.8,4.59,16.8,4.5,94.7
Feb-13,13761.43861,60.35892,2.65973,0,8942.45506,113.25018,793.296,1503.70574,2283.21427,-7.405,69.90371,948.56179,67.443,881.11879,2022.096299,54.58,65.18,43.59,12.98,137.251,340.831,698.84,194.813,16.666,12.235,134.295,166.588,36.992,139.257,342.837,700.846,4.56,9.23,95.7,7.78,69.7,4.54,17,4.59,94.1
Jan-13,15458.49307,65.33766,2.84497,0,9693.41139,110.4236,1672.507,1693.72728,2174.66925,-32.63,78.20193,1068.25004,73.938,994.31204,2017.852886,54.24,62.9,36.03,13.03,150.116,376.877,783.44,236.889,18.578,10.477,140.62,185.329,41.432,149.124,375.885,782.448,4.52,9.15,96.1,7.75,70.2,4.58,17,4.56,95
Dec-12,15350.76508,81.51811,9.45752,,9317.8801,75.92478,1523.855,1967.61283,2389.28005,-91.693,71.95187,1091.0889,74.806,1016.2829,2013.607452,52.23,61.1,64.59,12.67,153.866,370.582,757.132,218.713,18.608,11.014,138.215,174.433,42.283,151.961,368.677,755.226,4.79,9.8,95.7,8.18,67.6,4.73,17,4.35,94.4
Nov-12,15152.93708,60.17675,8.73303,,9862.56054,93.99267,1541.253,1521.07525,2031.62455,-31.19803,60.01226,1053.74721,72.371,981.37621,2009.383871,61.48,72.4,53.2,12.88,148.782,356.619,675.159,178.257,18.023,11.411,110.848,167.166,40.671,149.268,357.106,675.645,4.79,9.99,95.3,7.99,65.3,4.46,16.9,4.43,94.3
Oct-12,17602.93826,97.99522,15.02812,,11408.71293,125.4291,1520.721,1890.18729,2483.54879,-1.34124,55.61741,1058.41146,75.525,982.88646,2005.16029,69.31,82.94,48.79,13.29,152.466,361.533,670.808,157.02,18.027,13.988,120.241,168.302,40.766,158.241,367.309,676.584,4.65,11.68,95.1,8.07,59.9,3.94,16.3,4,95.9
Sep-12,19230.21152,126.13274,10.79605,,12311.1657,97.91397,1603.811,2439.49288,2442.43408,130.1702,61.0341,1040.9772,73.689,967.2882,2000.936709,79.21,94.27,36.63,15.51,150,354.912,638.85,167.517,17.576,15.202,83.642,167.65,37.263,148.908,353.821,637.759,4.76,14.72,95,8.35,56.4,3.56,16.5,3.54,96
Aug-12,21409.18568,135.59982,11.5769,,13518.69,130.9934,1672.765,2974.87954,2777.0433,111.34691,69.41762,1058.36963,74.943,983.42663,1996.713128,80.69,98.06,40.34,15.2,161.078,373.614,707.461,219.192,17.786,16.279,80.59,173.259,39.276,166.443,378.979,712.826,5.13,15.82,94.9,8.71,55.9,3.83,16.6,3.61,95.2
Jul-12,18443.31707,125.17708,8.63532,,10270.36475,135.1494,1674.238,3281.73999,2808.72934,63.6038,68.7293,1065.73504,74.405,991.33004,1992.489547,73.34,90.45,52.95,14.26,155.945,367.103,737.947,252.091,17.946,16.862,83.946,171.852,39.306,156.836,367.993,738.838,4.88,15.13,95.5,8.52,57.9,3.6,16.1,3.54,95.8
Jun-12,16375.63729,128.91225,14.96693,,8703.0325,126.0288,1096.921,3050.11959,3102.42542,70.77142,74.31689,1021.35211,71.105,950.24711,1988.265966,67.95,84.43,62.1,14.67,163.931,365.769,767.203,253.685,17.361,16.459,113.928,164.832,37.006,164.099,365.938,767.371,4.63,14.18,95.5,8.44,59.1,3.34,15.6,3.21,95.8
May-12,15954.1654,72.02631,8.77896,,8218.30267,130.87436,822.972,3471.66415,3039.42677,112.4084,71.07829,1061.22707,73.431,987.79607,1984.042385,66.36,81.13,58.86,12.87,171.377,374.887,800.315,272.562,17.787,15.744,119.336,165.312,38.198,168.682,372.192,797.621,4.3,12.61,95.4,8.14,59.2,3.02,15.6,3.05,96
Apr-12,14506.21643,106.11282,18.24446,1.65124,8275.18842,132.91984,1185.116,2307.13938,2358.82693,58.26961,62.74773,1031.1302,71.555,959.5752,1979.818804,60.56,74.3,56.07,12.37,163.07,356.963,758.509,250.215,17.084,13.306,120.941,156.66,37.232,159.348,353.241,754.787,4.19,10.94,95.5,8.04,62.8,3.21,15.5,2.81,96.4
Mar-12,14993.48861,146.4567,8.19658,,8947.35467,146.63675,1674.98,1493.43938,2435.05976,60.93948,71.62789,1046.97569,70.916,976.05969,1975.595223,54.59,66.39,60.06,12.31,170.029,375.436,784.587,246.546,17.608,11.522,133.476,165.529,39.878,162.971,368.378,777.529,4.84,10.41,96.2,8.16,68.1,3.71,16,3.09,95.2
Feb-12,14595.20325,146.77276,12.52503,34.50955,9415.70892,136.92374,1491.044,1105.48137,2108.22394,73.65032,70.36363,965.37657,68.713,896.66357,1971.371642,55.62,66.21,47.09,12.46,162.715,361.443,684.07,193.017,16.387,8.052,105.171,162.401,36.328,151.024,349.752,672.379,4.73,9.47,96.2,7.76,70.1,4.19,16.2,3.46,95.3
Jan-12,15904.5009,148.20268,7.11947,58.2216,9419.36743,151.37674,2699.732,1334.53877,1990.22249,17.93114,77.78859,1024.60793,73.382,951.22593,1967.148061,60.18,69.71,33.83,12.74,175.628,386.895,761.091,219.888,17.4,7.183,129.726,172.869,38.397,154.454,365.721,739.917,4.85,9.62,96.3,8.04,71.5,4.58,16.1,3.82,95
Dec-11,17704.9262,150.34075,3.0094,53.23617,10243.56168,147.44132,3325.064,1776.45959,1988.67645,-67.21499,84.35184,1079.7799,74.972,1004.8079,1936.485294,55.59,64.13,33.52,12.03,184.737,402.438,762.175,230.58,18.261,7.365,103.532,176.384,41.317,174.944,392.646,752.382,5.03,9.83,96.4,8.3,69.1,4.59,16.6,4.18,101.4
Nov-11,15525.96632,122.7588,3.12535,53.3796,7877.0848,156.85366,3268.229,1959.49418,2009.52034,-2.28303,77.80363,1038.19192,73.239,964.95292,1934.454375,58.02,67.9,50.96,12.52,176.489,383.524,730.447,200.932,17.57,7.567,120.853,166.684,40.352,165.573,372.609,719.531,5.29,10.78,95.2,8.62,66.1,4.64,16.2,4.26,101.1
Oct-11,16050.12956,166.51954,3.09283,71.12825,7983.30261,131.37916,3358.655,2276.98544,2067.52108,-81.16602,72.71169,1062.73229,73.937,988.79529,1932.423456,68.8,82.42,45.69,13.24,174.491,379.85,701.702,192.254,17.836,9.496,102.265,165.516,39.843,165.549,370.908,692.759,5.45,12.85,95.7,8.94,61.4,4.71,15.9,4.49,101.5
Sep-11,18730.23678,153.09749,8.1763,68.21045,9942.13439,161.97123,2960.293,3241.719,2162.89416,-17.47079,49.21156,1012.70532,70.401,942.30432,1930.392538,73.41,90.67,52.87,13.97,165.114,369.764,671.865,207.705,17.127,10.53,66.739,166.92,37.73,158.328,362.978,665.079,5.94,15.63,95.6,9.46,57.8,4.84,15.8,4.71,101.4
Aug-11,20258.59138,165.75182,5.40558,83.24822,9761.63229,154.10475,3285.63,4039.76216,2645.85525,35.02051,82.1808,1056.66549,72.674,983.99149,1928.361619,75.57,92.65,47.63,14.23,172.894,384.588,737.092,250.319,17.777,11.794,72.613,172.246,39.447,172.394,384.088,736.592,6.19,16.67,95.7,9.77,58.1,5.21,16,4.85,101
Jul-11,19471.24299,176.60858,4.95512,88.74029,7945.66945,145.37334,3371.007,4993.19465,2588.06213,68.27092,89.36152,1055.20151,73.682,981.51951,1926.3307,72.77,89.23,57.74,14.64,169.97,381.369,787.338,303.962,17.723,11.524,72.76,172.059,39.34,160.345,371.744,777.712,6.16,16.14,96.3,9.58,60.1,5.05,16.5,5.13,100.5
Jun-11,16161.55195,164.5653,2.95689,75.97049,4958.86456,136.65972,3088.564,4978.9051,2646.66226,28.8922,79.51143,991.40712,63.018,928.38912,1924.299781,64.39,79.7,68.97,13.96,166.87,372.394,819.899,312.381,17.02,11.374,106.731,167.468,38.056,166.294,371.818,819.324,6.12,14.7,96.3,9.57,61.7,5.21,15.9,5.2,101.1
May-11,15248.89137,169.85871,2.97756,79.39023,4459.62789,118.10118,2518.593,5120.27498,2654.95615,37.78206,87.32961,1077.35725,71.357,1006.00025,1922.268863,61.04,74.58,59.85,12.64,169.175,367.049,827.216,316.615,18.194,10.98,114.378,160.676,37.199,163.012,360.887,821.054,5.8,12.5,96.2,9.35,63.9,5.21,16.3,5.04,101.3
Apr-11,15764.72941,168.36312,2.63826,76.83017,5003.83815,132.98153,3238.702,4609.33527,2474.85316,-12.18681,69.37456,1000.9307,69.943,930.9877,1920.237944,59.28,71.03,61.28,12.09,161.701,356.541,807.433,303.084,17.258,9.861,120.689,159.157,35.683,152.516,347.356,798.248,5.62,11.27,96,9.02,66.5,5.34,16,5.03,101.6
Mar-11,15764.73257,160.94125,3.81683,86.50837,5881.15817,160.18807,3223.313,3901.14842,2236.11649,24.39614,87.14582,1090.74735,74.479,1016.26835,1918.207025,56.31,66.23,62.93,11.91,169.593,377.308,809.34,302.503,18.388,8.69,102.452,169.205,38.511,158.979,366.694,798.727,5.73,10.43,96.2,8.89,69.6,5.21,16.6,4.84,101
Feb-11,14640.44406,174.54077,3.2877,65.97202,7404.16622,98.0257,2496.601,2386.62957,1921.85468,10.95833,78.40807,990.84564,67.971,922.87464,1916.176106,51.78,60.96,54.4,12.21,150.317,343.631,702.586,234.459,16.676,6.273,101.547,157.533,35.781,143.369,336.683,695.638,5.75,10.14,96.5,8.88,72,5.77,16.6,5.29,101.8
Jan-11,15483.39989,208.83626,3.18082,61.33469,7512.79054,123.90771,2528.596,3273.55853,1825.4533,-113.79152,59.53357,1095.81852,72.786,1023.03252,1914.145188,57.82,65.35,39.67,12.4,167.958,382.892,737.945,248.06,18.48,5.437,83.077,176.398,38.536,152.108,367.041,722.095,5.69,9.9,96.5,8.74,72.8,5.66,16.8,5.66,101.7
Dec-10,16905.92988,187.8612,5.92193,76.41549,8862.214,141.18445,2495.082,3268.23966,1913.63593,-107.473,62.84822,1087.4907,73.801,1013.6897,1936.485294,55.4,62.9,60.89,12.17,167.041,380.869,718.973,226.037,18.027,5.657,88.383,173.047,40.781,161.459,375.287,713.392,5.74,9.98,97.7,8.82,80.2,5.5,17.1,5.68,101.3
Nov-10,15756.7291,137.17221,3.80761,89.20129,9447.78284,123.62824,1996.662,2070.319,1869.32831,-48.426,67.2536,1039.21186,73.061,966.15086,1934.454375,59.13,68.33,43.66,12.39,162.58,367.2,676.501,190.842,17.108,6.253,95.098,164.418,40.202,156.084,360.704,670.005,5.48,10.89,97.4,8.86,77.7,4.6,16.9,4.55,101
Oct-10,17379.94965,167.8904,6.69915,82.86123,11216.49435,111.20005,1848.429,1974.56866,1901.86599,-2.078,72.01881,994.80551,73.264,921.54151,1932.423456,63.65,73.68,67.64,13.09,161.893,366.723,641.158,172.515,16.975,7.445,77.5,165.618,39.211,159.116,363.945,638.38,5.7,13.37,96.8,9.27,71.8,4.73,16.1,4.45,101.3
Sep-10,18493.4111,185.52948,4.42131,80.67243,9916.27833,139.49726,3236.518,2642.99946,2211.54373,26.239,49.71211,1037.7243,71.216,966.5083,1930.392538,74.28,88.77,43.79,14.32,154.972,357.953,621.528,168.439,17.11,8.704,69.321,165.521,37.46,151.715,354.695,618.27,5.72,15.63,96.7,9.56,68.5,4.61,16.7,4.61,100.7
Aug-10,20680.42622,181.33203,3.02873,78.48584,10751.99058,189.55884,3382.207,3519.69734,2472.65976,24.845,76.62111,1069.38386,70.974,998.40986,1928.361619,74.4,90.58,44.97,14.28,158.933,369.015,657.829,196.283,17.706,9.597,65.227,170.473,39.609,157.381,367.463,656.277,6.22,16.65,96.5,9.94,69.8,5.37,17,5.06,100.5
Jul-10,19938.18344,195.12559,4.04229,76.89969,9112.88545,166.34974,3378.457,4175.50371,2672.87758,73.381,82.66139,1064.0022,72.685,991.3172,1926.3307,70.18,87.13,64.22,14.39,156.691,365.395,697.388,239.186,17.479,9.73,65.598,169.109,39.595,157.134,365.838,697.831,6.31,16.21,96.8,10.04,70.6,5.49,17.5,5.34,100.6
Jun-10,16349.85906,187.29849,7.46304,90.38052,5519.7194,140.6543,3269.378,4440.19227,2560.25867,57.605,76.90937,1037.84566,70.107,967.73866,1924.299781,66.21,81.87,70,13.91,151.148,352.927,749.413,291.254,17.219,9.487,78.526,163.044,38.734,153.31,355.089,751.575,6.02,14.86,96.9,9.72,71.9,5.04,17.3,5.31,100.6
May-10,16011.94877,178.60616,3.00264,81.02245,5920.86851,153.00047,3354.937,3945.31516,2287.64967,10.214,77.3327,1072.51837,68.61,1003.90837,1922.268863,61.25,74.13,57.89,12.66,155.303,355.964,712.523,244.673,17.839,9.194,84.853,161.739,38.921,153.715,354.375,710.935,5.81,13.12,97.1,9.5,73,5.08,17.1,4.96,100.9
Apr-10,15748.69605,170.33598,3.27006,82.2515,8142.94727,135.16982,2499.608,2580.91644,2076.13486,-6.875,64.93713,1020.97162,61.436,959.53562,1920.237944,55.46,67.33,66.64,11.79,150.611,349.52,656.15,186.307,16.99,8.07,95.262,159.726,39.183,147.282,346.191,652.821,5.88,11.97,96.2,9.57,75.7,5.12,17,4.91,100.9
Mar-10,16222.96519,126.51485,3.82476,95.05152,9679.68997,133.41502,2137.819,2038.50112,2002.21744,-67.878,73.80951,1081.84613,65.555,1016.29113,1918.207025,57.05,68.9,55.39,12.18,156.949,364.046,676.472,203.761,17.801,7.07,83.795,167.172,39.925,147.768,354.865,667.291,6.5,10.99,97.6,9.7,79.7,6.01,17.6,5.47,101
Feb-10,14833.84684,187.3247,4.38418,81.47255,9074.76776,121.57434,2217.691,1447.22999,1712.28018,-70.495,57.61714,990.65192,66.782,923.86992,1916.176106,54.34,63.64,66.29,11.83,140.823,329.844,604.497,200.874,15.872,4.913,52.993,153.689,35.332,134.997,324.018,598.671,6.64,10.69,97.8,9.71,81.7,6.76,17.8,6.27,100.5
Jan-10,15803.65024,195.23019,3.79298,90.91565,9876.67501,139.40817,2383.969,1327.38721,1769.26892,-60.324,77.32712,1103.64587,76.056,1027.58987,1914.145188,56.22,64.55,52.28,12.29,150.936,357.023,664.472,218.369,17.852,4.357,66.871,167.13,38.958,141.169,347.256,654.705,6.84,10.56,97.7,9.65,81.2,6.93,18.3,6.98,101
Dec-09,16647.90474,186.23597,7.6891,120.94885,10548.19691,125.00792,2500.807,1290.58489,1863.88547,-60.379,64.92763,1132.17015,75.905,1056.26515,1912.120679,52.82,61.94,55.41,12.21,152.906,360.349,691.817,241.363,17.912,4.79,67.403,168.174,39.268,147.01,354.453,685.92,6.22,10.42,97.6,9.1,80.1,5.97,18.9,6.24,100.7
Nov-09,14811.54931,186.78976,5.9075,116.19864,9171.52769,128.08967,2117.615,1237.90201,1820.36665,-47.733,74.88539,1056.61586,71.652,984.96386,1918.881159,64.91,75.28,30.39,11.36,147.495,348.004,642.204,205.035,16.841,5.223,67.102,161.815,38.694,142.409,342.917,637.118,6.34,11.48,97.2,9.45,75.8,5.44,17.8,5.06,101
Oct-09,16072.94339,184.09341,6.34572,113.03372,10051.54297,129.37185,1717.049,1784.18651,2037.01076,-10.083,60.39246,1081.22032,74.254,1006.96632,1925.641638,65.89,77.97,48.73,13.23,142.871,346.132,627.848,192.185,16.479,6.551,66.501,165.252,38.01,143.418,346.68,628.395,5.65,11.78,96.8,8.93,73.3,4.82,17.9,5.04,102.4
Sep-09,20479.56705,177.39771,10.9463,118.0571,12807.50632,155.09001,2751.102,2248.05186,2127.18142,38.804,45.43033,1051.22531,70.69,980.53531,1932.402118,77.59,94.07,43.93,14.72,134.584,332.045,570.532,169.421,16.289,7.386,45.391,161.387,36.075,132.892,330.354,568.841,5.37,14.8,96.6,9.35,69.3,3.89,18,4.02,100.6
Aug-09,21206.69117,169.72397,14.14755,115.36445,12240.93162,164.47992,3003.335,3018.10698,2399.12442,15.945,65.53227,1082.17206,73.081,1009.09106,1939.162597,75.88,93.13,46.85,14.91,139.431,348.211,617.638,191.105,16.773,8.216,53.333,170.534,38.246,139.782,348.562,617.989,5.61,15.61,96.9,9.52,68.5,4.38,18.3,4.3,100.7
Jul-09,22092.21013,169.83559,5.06249,131.30752,11916.26847,166.91377,3249.463,3700.58463,2647.83822,37.726,67.21044,1089.32486,76.611,1012.71386,1945.923077,77.2,93.97,44.89,15,137.683,343.501,645.248,228.235,16.814,8.338,48.36,167.218,38.599,137.62,343.438,645.185,5.7,15.27,96.9,9.74,70.5,4.68,18.6,4.47,100.8
Jun-09,16347.09827,169.51574,12.34656,121.71543,6511.19436,123.98827,3239.185,3358.51427,2509.44203,234.719,66.47761,1038.376,76.221,962.155,1952.683556,64.62,77.7,66.74,14.13,126.318,321.411,685.416,285.318,16.212,7.825,54.65,157.916,37.176,128.286,323.378,687.383,5.55,14.26,96.8,9.53,73.3,4.56,18.7,4.62,101
May-09,16833.44259,140.80932,5.57294,107.45421,7052.62978,136.56932,3263.154,3714.06838,2291.79678,48.479,72.90887,1072.23853,79.643,992.59553,1959.444036,67.48,83.19,58.4,13.16,125.507,318.693,692.761,288.502,16.616,7.833,61.117,156.189,36.998,129.748,322.934,697.002,5.49,12.86,97.2,9.42,74.4,4.4,19,4.7,101.5
Apr-09,15587.65112,155.59436,17.59343,114.35203,6941.20347,96.93663,3251.377,2713.53251,2204.38302,32.888,59.79068,1052.62897,76.555,976.07397,1966.204516,59.18,71.2,52.8,12.17,115.45,303.16,650.891,251.513,16.341,7.089,72.787,151.103,36.607,119.403,307.113,654.845,5.71,11.68,97.2,9.7,77.7,5.05,18.6,4.7,101.6
Mar-09,15517.52562,151.97828,28.60145,107.62517,8075.88203,106.46954,2610.981,2288.92915,2119.27111,-35.466,63.25389,1105.67859,77.97,1027.70859,1972.964995,55.94,67.1,56.03,12.19,119.507,319.016,624.906,213.036,17.252,6.314,69.287,159.161,40.348,117.49,316.999,622.888,6.85,11.98,97.4,10.46,80.8,5.69,19.4,4.92,101.8
Feb-09,14113.90583,166.3279,11.28763,111.70657,8696.54877,139.93677,1751.176,1445.55098,1766.99109,-26.509,50.88912,993.90021,73.68,920.22021,1979.725475,53.88,62.61,58.56,12.26,109.634,294.082,544.888,173.845,15.517,4.327,57.117,150.245,34.203,101.386,285.834,536.64,7.26,12.26,97.7,10.98,81.1,6.43,19.9,5.62,101.1
Jan-09,15065.64303,191.64487,11.11495,128.46915,9450.02233,149.99018,2308.56,1088.02416,1752.37064,-75.542,60.98876,1097.23213,76.792,1020.44013,1986.485954,60.41,67.94,33.14,12.33,118.534,318.013,626.306,229.265,17.14,3.808,58.08,162.016,37.463,113.896,313.375,621.668,7.97,12.49,97.6,11.28,82.4,7.5,20.1,6.62,100.9
Dec-08,16424.44845,205.58705,51.56944,150.5479,10486.98011,126.32945,2658.042,854.19361,1853.63632,-11.762,49.32457,1066.17149,81.68,984.49149,1993.244427,52.63,60.9,52.25,11.64,123.769,323.102,614.727,205.569,16.339,4.523,65.193,161.91,37.422,127.044,326.377,618.001,8.16,12.84,97.5,11.61,81.9,7.86,19.8,6.9,101.1
Nov-08,14857.22844,191.5659,4.85447,143.59505,9384.47112,141.26401,2416.105,786.90439,1785.78348,-47.431,50.11603,1047.88641,76.79,971.09641,1993.752406,65.56,74.8,41.12,12.48,124.69,327.317,551.712,154.392,15.94,4.856,49.207,166.136,36.491,122.252,324.878,549.273,7.93,13.8,97.3,11.72,79.4,7.34,19.6,6.64,101.3
Oct-08,16871.70204,200.67938,9.26301,119.36331,10792.22454,137.05387,2606.464,1097.85055,1914.06357,-44.564,39.30381,1099.50263,82.319,1017.18363,1994.260386,72.78,84.84,26.33,12.47,124.307,330.125,552.097,152.441,16.495,6.167,46.87,169.452,36.366,126.128,331.946,553.918,7.8,15.45,96.9,12.06,75.3,8.1,18.9,6.74,101.5
Sep-08,18513.59304,210.60055,16.41816,127.59645,11567.07353,146.21227,2625.305,1712.70736,2051.37389,35.732,20.57384,1063.78734,77.744,986.04334,1994.768366,74.87,89.07,47.96,13.32,120.382,318.84,531.891,159.42,15.944,7.027,30.66,164.058,34.4,121.277,319.736,532.787,8.99,18.41,97,13.12,72.5,9.13,19.1,7.81,101.1
Aug-08,22110.65401,221.53595,4.80085,125.73214,12825.49501,135.4392,2892.796,3422.55571,2370.29148,72.116,39.89167,1095.5685,81.348,1014.2205,1995.276345,75.74,91.74,51.51,14.07,125.23,333.607,599.164,209.193,16.454,7.742,32.167,171.954,36.423,123.463,331.84,597.397,10.2,20.17,97,14.19,72.2,10.1,20.4,8.97,100.8
Jul-08,20665.46713,210.17486,4.96971,131.34874,10942.68961,133.26818,3344.438,3336.29684,2430.22415,76.858,55.19906,1102.23398,81.604,1020.62998,1995.784325,75.05,91.71,52.7,13.62,119.214,330.507,646.207,251.82,16.514,7.867,39.499,173.963,37.33,118.887,330.18,645.88,12.48,20.77,97.1,15.64,73.4,13.06,20.7,11.71,100.3
Jun-08,17108.23929,200.91215,5.31632,125.26304,8381.8515,142.21729,3006.237,2745.38712,2331.75961,117.817,51.47826,1081.94922,79.543,1002.40622,1996.292305,74.95,91.17,44.3,13.67,110.288,313.335,675.424,287.514,16.206,7.716,50.653,167.713,35.334,108.741,311.788,673.878,11.85,18.91,97.1,14.68,76.3,12.11,20.8,12.41,100.9
May-08,16444.81998,145.49646,7.93518,108.87226,7643.55393,153.91647,2851.49,3231.43957,2252.97358,2.21,46.93252,1069.52898,78.986,990.54298,1996.800284,63.06,77.55,56.31,12.01,115.872,324.185,668.732,268.237,16.318,7.369,52.623,172.47,35.843,111.983,320.296,664.844,11.05,16.33,97.3,13.51,76.6,11.35,21.3,10.97,101.5
Apr-08,17536.30444,187.14316,16.91467,142.67432,9647.29108,180.30099,2435.902,2719.98795,2092.48377,58.1,55.50651,1036.12633,76.403,959.72333,1997.308264,62.23,77.03,48.15,11.23,106.434,314.073,607.167,219.093,15.79,6.721,51.49,171.485,36.154,105.611,313.25,606.344,9.84,14.49,97.4,12.63,79.7,10.03,21.9,10.19,101.9
Mar-08,15010.28732,148.79413,24.21186,130.7435,8486.06118,136.04075,2518.841,1438.59375,2071.62523,-0.836,56.21191,1074.20849,69.918,1004.29049,1997.816244,59.3,69.71,41.74,11.46,108.172,321.487,604.365,213.526,16.239,5.992,47.122,175.228,38.088,100.607,313.922,596.8,9.49,13.13,97.6,12.03,82.3,9.61,21.4,9.53,101.4
Feb-08,14908.00415,151.19132,9.39966,130.87125,9042.43229,109.51185,2349.679,1228.96927,1760.44439,72.345,53.16013,1019.03404,75.55,943.48404,1998.324224,54.1,62.97,56.52,11.55,95.947,300.535,542.173,185.146,14.369,4.168,37.955,169.281,35.307,95.403,299.991,541.629,8.91,12.58,97.6,11.49,82.3,8.96,20.5,8.87,101.4
Jan-08,17533.51454,206.7196,6.4111,142.91798,10791.61333,143.30903,2777.052,1552.9235,1869.27736,-9.322,52.61263,1127.00261,81.044,1045.95861,1998.832203,51.95,59.42,56.52,11.55,99.696,331.138,597.528,204.758,15.825,3.7,42.108,195.336,36.106,95.746,327.188,593.578,8.37,12.24,97.8,11.2,82.6,8.29,20.5,8.52,100.7
Dec-07,17107.23086,199.9882,9.82486,170.28284,10991.16842,111.31984,2405.543,1453.5296,1820.79364,-91.554,36.33446,1119.41859,82.04,1037.37859,1999.338328,52.31,60.1,47.16,11.97,94.677,312.007,547.792,181.289,16.003,3.995,34.497,181.632,35.698,96.665,313.995,549.78,8.27,12.34,98,11.24,82.3,8.18,21.4,7.93,92.9
Nov-07,16580.36382,178.27403,4.58398,175.89011,9869.98297,114.41127,2832.968,1716.47228,1744.40446,-84.912,28.28872,1075.15043,79.849,995.30143,1997.348158,62.48,73.43,44.77,12.29,90.469,297.828,503.161,155.001,15.347,4.393,30.591,172.532,34.827,88.647,296.006,501.339,8.14,13.04,97.7,11.23,79.6,7.87,20.8,7.28,93.1
Oct-07,17136.2817,182.47399,9.46686,156.11659,10343.15985,119.14087,2552.43,1784.06291,1963.76068,-11.308,36.97796,1123.29285,81.992,1041.30085,1995.357987,65.12,76.91,50.01,12.61,89.501,299.416,500.577,146.248,15.989,5.549,33.374,174.97,34.945,92.473,302.388,503.548,7.43,14.57,97.8,10.93,74.7,7.06,21.3,7,91.8
Sep-07,19003.49251,204.66905,4.32221,179.29427,10934.32504,162.94734,3248.117,2138.80739,2095.9812,-0.826,35.85501,1087.66018,81.592,1006.06818,1993.367817,71.09,85.6,52.43,13.85,84.913,287.603,483.297,145.715,15.414,6.229,28.335,169.547,33.143,83.95,286.64,482.333,7,16.03,98.1,10.92,72.3,6.28,21.2,6.33,92
Aug-07,22755.18178,211.57919,36.9028,190.19825,13821.27324,134.69674,3108.988,2865.34375,2264.21417,81.953,40.03265,1113.09858,84.527,1028.57158,1991.377647,77.74,94.68,48.57,13.99,86.362,295.523,542.021,197.092,15.891,6.833,26.681,174.785,34.377,86.584,295.746,542.243,7.6,16.71,98.2,11.19,72.5,6.72,22.3,6.83,89
Jul-07,22218.7164,200.9211,29.3977,190.07364,12445.63952,163.6548,3333.079,3385.22089,2357.93791,70.297,42.49484,1113.47528,83.546,1029.92928,1989.387476,76.39,93.26,54.19,14.08,83.124,295.653,562.008,222.17,15.849,7.002,21.333,178.134,34.395,82.563,295.092,561.447,8.02,16.71,98.3,11.63,74.3,7.51,22.1,7.03,91.7
Jun-07,18121.43288,204.8399,36.93143,186.14315,9335.70149,193.84454,2920.658,2741.46707,2382.94311,80.771,38.1332,1103.92549,80.943,1022.98249,1966.776744,70.56,87.57,56.01,13.66,78.428,281.995,555.728,225.519,15.616,6.697,25.9,170.164,33.402,80.617,284.184,557.917,8.45,16.28,98.3,11.81,76.2,7.92,23.8,7.8,93
May-07,16148.65074,169.99185,53.50651,159.63089,7822.77251,195.58521,2456.207,2987.1797,2242.14683,28.267,33.36324,1041.44952,85.233,956.21652,1985.407135,63.1,78.74,63.5,12.24,78.629,286.01,594.186,257.448,14.904,6.642,29.181,173.553,33.828,77.982,285.363,593.539,8.41,14.69,98.1,11.51,77.9,8.11,23.2,7.96,93.2
Apr-07,15310.06909,190.13736,59.00206,166.36833,7052.154,181.89559,3180.544,2250.79169,2104.46887,90.215,34.49219,1028.23313,79.572,948.66113,1983.416965,59.29,73.43,64.57,11.74,72.575,278.386,566.494,236.135,14.824,5.801,31.349,173.47,32.341,71.828,277.639,565.747,8.2,13.31,98,11.5,81.2,8.14,22.3,7.77,94.2
Mar-07,15311.88492,144.79019,14.054,155.23028,7062.83069,186.11121,3372.357,2295.721,1990.7803,53.881,36.12925,1055.87772,73.293,982.58472,1981.426795,61.27,73.77,48.48,11.89,73.657,285.146,574.742,238.832,15.392,5.255,30.117,174.64,36.85,75.945,287.435,577.031,8.79,12.81,98.1,11.79,83.5,8.42,22.4,7.64,93.8
Feb-07,14729.93156,194.80096,6.07598,149.20346,7629.38317,129.63514,3044.771,1720.67947,1741.36341,80.173,33.84598,989.6546,78.089,911.5656,1979.436624,55.32,66.11,60.17,11.98,66.107,261.666,487.988,183.513,14.248,3.656,24.906,162.893,32.666,69.09,264.65,490.972,8.57,12.13,98.1,11.22,84,8.25,23,8.18,92.3
Jan-07,16424.34461,215.83977,13.81903,177.65509,8392.07948,124.86372,3336.828,1988.47514,2136.46265,12.822,25.49975,1139.47462,84.466,1055.00862,1977.446454,53.03,62.19,38.68,12.42,71.627,290.845,592.148,257.426,16.297,3.342,24.239,182.455,36.763,76.469,295.687,596.99,7.88,12.17,98.2,11.18,83.2,7.36,22.7,7.08,93
Dec-06,16727.68825,197.29388,10.44014,173.48501,9311.69753,129.73802,2579.294,2496.79906,1904.11322,-118.152,42.97939,1136.84114,84.939,1051.90214,1975.452442,56.77,66.29,39.56,12.14,69.095,283.636,541.993,214.21,15.913,3.717,24.517,180.279,34.262,75.418,289.959,548.316,8.66,12.53,98,11.61,82.6,8.23,23.4,7.57,93.7
Nov-06,15718.95323,213.21726,19.87179,148.44411,8655.02251,157.98435,2382.494,2344.88684,1853.48481,-97.182,40.72956,1061.72626,83.209,978.51726,1970.025992,64.66,75.97,41.37,12.38,64.175,270.475,515.786,201.075,14.993,4.043,25.199,172.741,33.56,70.949,277.249,522.559,8.47,12.45,97.8,11.05,80.3,7.74,23,7.48,93.9
Oct-06,17339.20706,187.18988,22.45132,146.89036,9546.96282,175.9188,2923.758,2324.30919,2021.20088,-50.847,41.37281,1125.0306,85.532,1039.4986,1964.599542,64.58,77.9,55.43,12.16,64.739,275.12,489.34,169.17,15.766,5.06,24.223,177.454,32.927,72.077,282.458,496.678,6.42,12.51,97.6,10.05,77.3,5.62,22.9,5.76,92
Sep-06,18971.19295,205.57376,34.96356,178.55162,10305.03367,189.07827,3249.287,2790.30735,2025.31783,-47.043,40.1229,1083.86485,83.701,1000.16385,1959.173093,74.36,90,43.98,13.85,62.519,267.952,478.06,170.621,15.112,5.736,18.639,173.115,32.318,68.463,273.896,484.005,7.68,15.71,98.1,11.16,74.6,7.21,22,6.27,93.6
Aug-06,21372.67321,212.68557,50.29615,193.17486,11212.64614,163.63439,3354.801,3855.32399,2236.40206,53.01,40.69905,1141.18777,85.807,1055.38077,1953.746643,74.38,92.58,56.54,13.96,63.872,277.063,531.431,215.524,15.902,6.525,16.418,179.396,33.794,69.551,282.741,537.11,8.1,16.18,98.2,11.2,72.5,7.36,23.7,7.56,91.9
Jul-06,24663.86677,197.84535,37.84373,200.24986,13706.32684,178.08728,3350.342,4647.85744,2226.78841,77.939,40.58686,1114.35039,85.951,1028.39939,1948.320194,82.26,97,44.08,15.17,60.456,274.809,568.536,252.333,15.628,6.373,19.392,180.235,34.118,65.85,280.203,573.93,7.4,15.72,98.3,10.98,74.4,6.78,23.6,6.69,92.9
Jun-06,20495.41178,198.87324,27.00157,180.51128,8930.72192,164.53966,3249.499,5278.66409,2202.78866,226.182,36.63037,1056.99919,84.574,972.42519,1942.893744,74.92,90.6,58.31,13.9,59.32,261.96,598.565,295.163,14.911,6.18,20.351,170.346,32.295,69,271.64,608.245,7.39,15.07,98.2,11.09,75.8,6.92,23.3,6.69,93.8
May-06,18167.48132,140.71826,38.18601,152.50951,7394.17841,187.90276,2318.376,5827.18506,2020.97511,52.33,35.12019,958.56601,72.249,886.31701,1937.467294,64.51,79.32,77.63,12.31,56.266,261.125,611.326,305.688,13.984,6.141,24.388,171.132,33.727,62.992,267.851,618.052,7.99,14.41,98,11.61,78.5,7.63,23.8,6.89,93
Apr-06,15032.33798,159.93031,11.0813,181.23348,5870.45379,157.43069,1364.292,5382.24527,1870.38146,-2.592,37.88168,986.23526,69.937,916.29826,1932.040845,55.3,66.97,81.93,12.04,52.99,250.384,577.805,283.244,14.216,5.444,24.517,166.537,30.858,54.87,252.265,579.685,8.29,13.27,98.1,11.57,80.9,7.93,23.5,7.32,94.7
Mar-06,17102.00248,150.52216,4.58286,182.32854,7289.17113,175.89642,2399.513,4821.08698,2004.87572,34.214,39.81168,1106.51123,83.101,1023.41023,1926.614395,49.63,60.68,81.39,11.69,56.829,265.069,553.145,244.251,15.628,4.802,23.395,175.5,32.74,55.374,263.614,551.69,8.81,13.17,98.2,12.07,84,8.24,23.8,7.36,94.7
Feb-06,14844.03781,177.41151,10.00003,163.69441,6572.71734,172.69402,2247.565,3790.67102,1670.3965,3.343,35.54498,972.3501,78.121,894.2291,1921.187946,58.79,69.43,45.77,11.72,51.185,247.274,529.221,245.611,13.834,3.438,19.064,164.912,31.177,48.955,245.044,526.991,9.34,13.98,98.1,12.95,84.2,9.38,23.7,8,95.5
Jan-06,16363.83535,194.08075,5.43463,194.94792,6896.18411,169.54138,2539.4,4488.0438,1878.67071,-35.065,32.59705,1077.77122,74.606,1003.16522,1915.761496,54.91,62.84,55.83,11.25,54.188,276.647,590.875,272.144,15.313,3.138,23.633,187.674,34.785,52.761,275.22,589.449,10.8,14.92,98.3,14.16,84,10.85,23.7,9.15,93.9
Dec-05,16818.06498,196.55334,12.02885,194.15948,8290.89664,177.82243,3120.421,3043.88895,1831.37735,-84.45,35.36694,1115.82644,72.937,1042.88944,1910.331572,57.04,65.32,57.55,11.15,52.284,268.55,527.154,221.389,15.438,3.5,18.276,181.612,34.653,54.823,271.089,529.693,10.77,14.6,98.1,14.01,84,11.17,23.7,11.26,90
Nov-05,14453.90304,180.34661,6.67056,178.15824,7605.65777,152.40277,2384.395,2172.83664,1781.66906,-45.106,36.87238,1080.0498,68.678,1011.3718,1903.869747,63.71,73.23,46.29,11.14,49.787,256.532,484.893,193.507,14.973,3.786,16.095,173.209,33.536,51.832,258.577,486.938,11.57,15.64,97.6,14.76,81.3,12.11,23.4,9.87,93.7
Oct-05,15451.1527,175.92215,5.42009,179.59901,7475.10462,170.59706,3014.971,2462.83126,1947.21311,-11.697,31.1914,1111.70987,71.114,1040.59587,1897.407922,65.31,76.39,61.32,11.27,50.269,261.121,475.805,180.046,15.341,4.836,14.46,178.567,32.286,51.536,262.388,477.072,12.16,16.44,97.8,14.29,78.9,12.06,23.2,11.84,92.1
Sep-05,16956.42247,178.1435,12.0581,209.81182,8432.57892,190.26284,3062.681,2803.09979,2024.57848,12.911,30.29703,1082.22144,67.262,1014.95944,1985.609097,69.82,84.4,57.66,12.29,47.316,255.348,464.157,173.619,15.003,5.504,14.682,174.501,33.531,47.804,255.836,464.645,10.26,16.56,98.1,12.59,74.8,10.18,23.2,10.99,90
Aug-05,21248.72095,180.3187,65.8232,210.96155,11415.81694,230.67711,3296.372,3644.57343,2087.29889,76.677,40.20213,1110.35652,77.344,1033.01252,1884.484272,75.51,92.52,58.9,12.7,48.584,266.097,514.643,215.635,15.407,6.123,11.379,182.796,34.718,51.217,268.73,517.276,8.2,15.51,98.4,11.01,76.2,7.98,24.6,8.67,89.1
Jul-05,21940.26101,200.35118,52.4992,194.81024,11149.90523,223.29736,3294.088,4473.208,2215.48118,94.636,41.98462,1120.72706,85.239,1035.48806,1878.022448,76.83,92.58,57.38,13.16,48.33,266.332,561.824,259.542,15.596,6.145,14.208,182.702,35.3,49.025,267.028,562.519,7.68,14.86,98.5,10.58,75.6,7.4,24.5,7.57,89.7
Jun-05,17707.49813,189.39152,9.63071,200.92131,6706.19219,224.85595,3173.785,4767.09041,2287.77302,108.529,39.32903,1109.5256,83.063,1026.4626,1871.560623,65.23,79.23,69.78,12.5,45.082,252.466,559.543,267.803,15.257,6.049,17.967,173.219,34.165,47.73,255.114,562.191,7.3,13.79,98.2,10.22,78.2,6.91,23.7,7.08,90.8
May-05,17041.82414,171.76351,27.11334,178.44164,6187.3439,215.00132,3113.309,4841.95492,2229.36753,44.796,32.73298,1124.55654,86.132,1038.42454,1865.098798,65.05,78.39,65.88,11.19,44.487,255.79,567.453,272.758,15.513,5.93,17.463,176.617,34.686,45.383,256.686,568.349,7.51,12.74,98.1,10.35,79.4,7.19,24.2,6.83,93.5
Apr-05,15411.80797,156.44992,23.2015,164.74611,6091.44265,165.90882,3144.235,3500.96745,1981.35142,146.642,36.86311,1052.65024,71.991,980.65924,1858.636973,59.46,71.83,55.26,10.91,43.143,246.929,514.33,230.561,14.648,5.219,16.973,171.578,32.208,42.537,246.323,513.724,7.79,11.88,98.3,10.25,82.5,7.71,23.9,7.27,92.8
Mar-05,15260.66792,183.40343,13.00881,200.25059,6635.7174,175.47367,3084.497,3045.17142,1927.1116,-38.769,34.80298,1061.17471,87.218,973.95671,1852.175148,56.41,66.32,69.33,10.44,45.51,260.043,524.485,229.338,14.912,4.588,15.605,180.584,33.949,44.966,259.499,523.941,7.24,10.84,98.2,9.91,84.4,7.12,24.6,6.84,92.8
Feb-05,13294.1664,164.13678,8.11047,180.83155,6231.39635,170.80961,2391.027,2568.14222,1545.74334,2.805,31.16408,939.5774,80.783,858.7944,1845.713323,53.61,61.43,74.66,11.21,41.376,247.271,489.387,216.046,13.222,3.184,9.664,175.761,30.134,41.146,247.041,489.157,7.09,10.87,98.3,9.83,85,7.15,24.3,6.42,93.4
Jan-05,14708.32836,158.59419,21.13034,194.31054,7131.79668,182.47482,3075.117,2308.10208,1795.28215,-187.181,28.70155,1114.26358,89.489,1024.77458,1839.251499,54.75,61.77,65.69,10.85,45.102,264.707,537.029,242.697,15.391,2.919,11.315,185.551,34.054,46.014,265.619,537.941,7.05,10.9,98.1,10.02,84.8,7.06,24.8,6.72,93
Dec-04,14933.67294,239.37015,10.68206,182.7497,8369.46495,156.32957,2033.124,2274.18543,1722.81701,-91.026,35.97606,1107.93029,90.764,1017.16629,1832.785858,55.31,62.71,54.01,10.08,43.302,264.199,557.136,262.527,15.104,3.568,11.739,187.914,32.983,45,265.897,558.834,7.49,11.09,97.8,10.42,80.3,7.54,24.5,6.88,88
Nov-04,13774.6351,150.29334,8.42177,174.71743,8387.50803,129.42022,1485.374,1819.51656,1708.64451,-125.247,35.98625,1076.09691,87.776,988.32091,1825.474234,55.87,65.1,55.8,11.26,41.609,247.286,484.74,209.705,14.582,3.83,9.337,173.661,32.016,42.508,248.184,485.639,7.5,11.44,97.6,10.21,78,7.64,23.5,6.71,87.9
Oct-04,15236.01696,173.6846,8.75149,141.55495,8531.42559,171.47809,2268.289,2032.19437,1940.80441,-68.253,36.08746,1135.60714,92.561,1043.04614,1818.16261,63.26,75.26,66.46,11.48,41.982,253.52,472.88,188.93,15.308,4.818,10.305,179.681,31.857,43.223,254.761,474.122,6.3,11.69,97.7,9.17,73.3,6.03,22.6,6.05,90.4
Sep-04,17634.58585,185.51206,10.93979,192.37498,9721.38103,185.55862,3049.828,2368.41503,1978.33219,-93.404,35.64814,1051.30761,77.425,973.88261,1810.850985,74.39,89.6,46.69,11.97,40.538,243.019,479.384,205.581,14.345,5.525,10.914,171.017,31.463,41.372,243.852,480.217,6.06,13.31,97.8,9.26,71.4,5.68,22.8,5.39,89.2
Aug-04,19763.23865,208.4758,6.64395,213.3526,10565.3741,137.34608,3284.487,3142.13446,2205.47421,-36.502,36.45245,1113.39767,87.785,1025.61267,1803.539361,73.73,91.03,57.45,12.16,41.803,254.446,502.472,216.265,15.116,6.121,10.524,179.526,33.116,41.745,254.388,502.415,6.51,13.74,98,9.66,71,6.36,24,5.97,89.7
Jul-04,20382.98814,217.64421,23.12599,202.48579,10565.56762,162.44654,3214.591,3618.2425,2336.75446,6.198,35.93204,1134.34959,88.72,1045.62959,1796.227737,74.65,91.77,50.26,12.39,40.447,257.042,523.85,233.556,15.32,6.271,11.662,183.591,33.003,40.597,257.191,524,6.68,13.54,98.1,9.65,71.7,6.41,24.9,6.24,90.3
Jun-04,16367.12348,191.84812,6.46755,207.20399,7129.56852,194.71728,2749.697,3449.19562,2371.49568,30.883,36.04672,1087.76858,85.116,1002.65258,1788.916113,67.23,82.63,68.07,11.91,39.836,244.075,531.776,252.927,14.709,6.07,13.994,171.743,32.495,42.516,246.754,534.455,6.94,13.08,98.1,9.71,72.2,6.82,25,6.52,89.4
May-04,15718.95182,164.01815,12.26163,155.95217,7258.53134,146.05223,2459.205,3182.26599,2248.9365,56.589,35.13981,1070.43834,88.649,981.78934,1781.604489,68.07,81.23,47.59,10.86,41.089,244.383,522.59,240.581,14.619,5.963,17.044,169.777,33.517,41.67,244.964,523.171,6.48,11.63,97.4,9.23,73.8,6.34,23.4,6.3,89.5
Apr-04,15347.64255,79.46481,33.10797,127.47403,7544.68766,172.48048,2116.458,3441.20402,1948.84655,-149.955,33.87403,1018.6412,85.233,933.4082,1774.292864,61.91,75.83,60.7,10.23,39.105,247.253,488.741,209.214,14.075,5.229,12.969,175.957,32.191,40.264,248.412,489.9,6.31,10.54,97.9,9.02,77.7,6.06,23.3,5.74,92.5
Mar-04,15867.47192,206.80135,27.75389,176.14667,7721.33009,233.75605,2096.476,3562.45403,1932.43534,-126.772,37.0905,1092.7837,89.508,1003.2757,1766.98124,64.09,76.32,53.14,10.98,39.846,248.532,510.686,229.509,14.954,4.758,12.933,175.736,32.949,39.945,248.63,510.784,6.23,10.03,97.6,9.05,79.2,5.97,22.8,5.5,91.4
Feb-04,14469.30193,210.96475,11.13164,146.37551,7261.81937,181.20009,2431.681,2509.34737,1768.37825,-87.382,35.78595,1072.39372,87.419,984.97472,1930.877616,51.61,59.93,54.76,11.41,36.894,236.689,474.091,209.471,14.522,3.177,10.232,168.663,31.132,38.748,238.543,475.945,6.35,9.85,97.9,9.1,81.7,6.52,23.6,5.76,88.7
Jan-04,15284.72566,209.73099,12.71004,170.51186,7165.57456,195.17976,3078.677,2741.77391,1807.98022,-131.96,34.54733,1144.59139,92.251,1052.34039,1752.357992,54.91,65.32,45.74,11.08,39.269,255.574,514.251,230.201,15.493,2.973,10.01,183.985,32.32,40.19,256.495,515.171,6.41,9.71,97.6,9.06,81.6,6.72,23.1,6.37,90.1
Dec-03,15249.501,201.977,5.11,163.793,7152.611,167.288,3236.979,2479.536,1897.0088,-79.843,25.0402,1135.919,94.541,1041.378,1745.043724,54.23,63.06,45.68,11.26,38.591,251.16,524.521,243.449,15.164,3.561,11.187,177.447,35.123,40.285,252.855,526.215,5.89,9.51,97.5,8.62,80.5,5.9,23.5,5.69,91.5
Nov-03,14342.394,201.18,13.041,146.757,7040.018,152.721,3185.756,1942.336,1732.58323,-95.567,23.56877,1020.893,45.61,975.283,1738.762975,56.45,67,51.66,11.65,34.893,233.698,460.806,199.617,13.908,3.848,9.735,166.306,32.498,37.877,236.682,463.79,5.54,9.77,97.3,8.36,78,5.19,22.7,4.85,91.3
Oct-03,16924.678,205.731,34.534,173.721,8937.383,149.018,3303.648,2208.753,1949.128,-59.699,22.46,1097.423,92.334,1005.089,1732.482226,73.07,87.61,46.06,10.72,35.036,236.938,451.917,186.588,14.431,4.877,9.084,169.075,32.827,35.228,237.129,452.109,5.33,10.64,96.9,8.28,74.6,4.93,23.3,4.98,90.9
Sep-03,18012.674,213.888,48.009,183.725,9442.929,150.827,3197.721,2830.332,1999.34356,-77.074,22.97344,1083.082,91.221,991.861,1726.201478,75.16,92.83,49.94,10.24,34.169,230.968,447.106,187.115,14.437,5.523,9.062,164.17,32.628,32.475,229.274,445.411,5.58,12.31,97.6,8.41,73.5,5.32,22.9,5.12,91.3
Aug-03,19727.905,210.4,81.081,194.375,10189.546,157.671,3310.857,3480.517,2120.77875,-41.26,23.94025,1096.965,94.137,1002.828,1719.920729,79.05,95.55,34.81,12.73,33.6,239.928,501.513,232.592,14.674,6.063,8.256,171.772,34.556,34.451,240.779,502.364,5.48,12.84,97.8,8.4,74.5,5.28,22.9,5.23,90.2
Jul-03,21007.159,216.013,68.794,212.602,10817.367,168.686,3298.397,4039.974,2166.92345,-6.512,24.91355,1108.355,93.356,1014.999,1713.63998,78.39,94.97,47.61,13.84,33.241,242.533,524.607,251.536,14.76,6.124,9.653,174.308,34.984,32.473,241.766,523.84,5.83,12.75,97.7,8.73,72.4,5.69,24.7,5.45,92.4
Jun-03,16354.813,197.728,57.817,180.561,6278.049,149.762,3071.407,4225.802,2239.39425,-69.149,23.44175,1104.112,91.39,1012.722,1707.359231,65.28,79.4,70.61,13,32.703,228.254,549.076,289.436,14.633,6.15,10.602,162.635,32.915,31.844,227.395,548.216,6.4,12.08,97.9,9,74.7,6.59,19.1,6.08,91.8
May-03,15699.591,168.217,22.322,163.605,5446.758,151.034,3310.327,4508.149,1970.7733,-59.196,17.6017,1050.337,94.158,956.179,1701.078483,64.1,78.97,60.12,12.15,32.625,229.756,557.606,297.627,14.16,5.873,10.19,163.891,33.24,32.694,229.825,557.675,5.69,10.79,97.6,8.71,74.2,5.78,20.3,5.7,94.2
Apr-03,13673.534,123.757,24.439,120.483,5627.677,142.983,2805.373,2802.478,1994.0262,5.497,26.8188,1037.869,88.955,948.914,1694.797734,54.81,66.97,63.07,11.73,32.368,228.516,509.635,250.685,14.062,5.308,11.064,162.813,33.334,32.588,228.736,509.854,5.6,10.18,97.6,8.97,77.9,5.96,20.9,5.38,90.7
Mar-03,14464.511,181.775,27.687,159.306,6956.599,162.22,2508.408,2579.209,1983.0067,-116.779,23.0793,1088.481,79.485,1008.996,1688.516985,58.33,70.45,52.73,10.62,32.649,233.288,508.202,245.048,14.607,4.768,10.491,166.337,34.303,30.555,231.195,506.109,7.63,9.77,97.4,9.2,80.8,8.27,21.3,7.05,90.9
Feb-03,13116.456,194.889,6.129,138.794,6628.001,101.054,1754.261,2673.406,1703.77575,-106.422,22.56825,1020.012,87.935,932.077,1682.236236,53.72,63.11,55.9,11.65,28.469,212.693,437.331,200.271,13.547,3.273,7.547,153.718,30.507,31.894,216.118,440.756,5.83,8.58,97.6,7.98,80.7,6.4,22.1,6.47,89.7
Jan-03,14215.326,210.749,7.121,158.442,6915.243,105.751,2610.655,2600.211,1788.3748,-206.309,25.0882,1138.313,97.39,1040.923,1675.955488,63.38,73.1,39.07,11.52,33.05,237.044,470.086,208.576,15.061,3.003,6.402,169.564,34.431,30.723,234.717,467.76,5.28,8.18,97.3,7.48,79.9,5.65,21.4,5.33,89.4
Dec-02,14535.214,207.535,12.428,157.125,7306.993,90.892,2872.501,2109.083,1777.0128,-35.361,37.0052,1113.683,105.936,1007.747,1669.674081,53.09,62,56.14,11.94,32.931,242.334,488.694,220.434,14.594,3.649,7.683,174.133,35.27,32.335,241.737,488.098,4.74,7.87,97.5,7.16,79.6,4.92,23.1,4.72,91.8
Nov-02,12642.57,158.407,21.996,147.681,6585.897,61.953,2163.179,1771.023,1758.81348,-51.95,25.57052,1077.288,88.877,988.411,1666.19972,64.02,73.77,37.74,12.09,30.001,230.328,455.85,200.714,14.051,4.085,6.673,166.492,33.835,32.207,232.533,458.055,4.65,7.99,97.2,6.89,78.7,4.72,21.8,4.35,86.7
Oct-02,14336.933,217.024,9.428,155.371,7070.808,100.201,2948.833,1864.41,1942.42568,-7.85,36.28232,1119.445,106.926,1012.519,1662.725359,61.68,74.97,61.77,12.68,29.849,243.767,445.449,174.684,14.581,4.946,7.471,180.316,33.603,29.756,243.674,445.356,4.32,8.61,96.7,6.64,73.2,4.18,21.7,4.19,85.5
Sep-02,16987.396,201.927,12.048,173.439,9012.444,87.389,3150.391,2400.171,1954.52568,-38.395,33.45632,1085.052,103.716,981.336,1659.250998,75.87,90.83,38.15,12.24,26.251,230.855,431.89,173.824,14.109,5.616,7.486,171.211,33.394,25.367,229.971,431.006,3.99,10.23,97.5,6.54,69.5,3.89,22.5,3.71,84.2
Aug-02,18765.891,208.086,6.905,184.674,9813.914,92.55,3195.924,3068.641,2189.71536,-29.898,35.37964,1122.144,106.545,1015.599,1655.776637,77,94.33,38.08,13.27,25.418,224.4,469.655,214.487,14.5,6.333,9.936,163.556,35.426,24.98,223.963,469.218,3.67,10.44,98,6.45,71.6,3.62,22.5,3.42,82.8
Jul-02,19633.136,204.377,7.883,183.585,10383.127,143.046,3168.074,3282.221,2204.885,19.365,36.573,1123.784,106.82,1016.964,1652.302276,74.71,92.05,57.82,13.77,24.015,235.713,525.241,259.113,14.857,6.499,9.059,176.434,35.264,24.563,236.261,525.789,3.95,10.31,97.5,6.62,71.2,3.8,24,3.49,80.3
Jun-02,16343.68,204.991,4.449,165.366,7874.932,144.882,2217.453,3379.494,2234.09308,83.883,34.13692,1050.607,104.134,946.473,1648.827915,68.62,85.23,67.53,12.75,22.416,215.107,533.567,287.009,13.659,6.334,11.458,159.326,33.365,21.848,214.539,532.999,4.15,9.58,97.9,6.8,73.2,3.86,25.5,3.61,82.6
May-02,13934.158,166.256,6.899,136.501,5661.771,105.9,2181.981,3462.756,2077.29368,101.112,33.68832,1100.673,93.821,1006.852,1645.353554,61.9,76.97,66.93,12.11,24.238,225.155,527.644,271.24,14.386,5.901,10.963,168.013,32.904,23.838,224.755,527.243,4.07,8.54,97.6,6.68,73,4.07,23.9,3.78,84.4
Apr-02,13995.827,158.37,16.41,124.751,5634.562,114.715,3111.275,2913.902,1895.40032,-0.752,27.19368,1005.016,86.658,918.358,1641.879193,57.28,71.43,70.29,10.99,22.916,212.852,488.506,246.661,13.292,5.28,10.421,158.336,31.601,22.43,212.366,488.02,4.21,7.66,98.1,6.56,76.8,3.64,26.3,3.8,84
Mar-02,15788.658,213.429,6.819,155.603,7704.101,115.71,3227.002,2452.479,1933.86384,-53.867,33.51816,1117.726,87.477,1030.249,1638.404832,55.29,67.77,51.49,11.35,24.003,217.568,459.46,213.723,14.682,4.819,8.668,159.644,33.921,21.037,214.601,456.493,3.84,7.1,98.4,6.28,81.5,3.78,20.2,3.37,84.7
Feb-02,12655.472,183.984,17.693,103.712,5888.042,79.38,2868.838,1920.923,1626.9538,-65.137,31.0832,1010.228,98.123,912.105,1634.930471,59.6,70.89,38.86,11.17,20.747,198.932,428.354,205.41,13.339,3.41,7.263,148.458,29.727,21.185,199.37,428.792,3.76,7.23,98.5,6.4,80.7,3.7,20.5,2.86,86.2
Jan-02,14591.101,203.422,8.478,141.826,6687.453,103.435,3246.889,2515.525,1811.99852,-162.147,34.22148,1147.97,95.306,1052.664,1631.45611,54.04,63.29,47.27,11.32,25.334,228.396,476.54,221.72,15.114,3.056,8.254,169.367,33.695,23.789,226.851,474.996,3.79,7.38,98.3,6.51,79.8,4.05,20.3,3.1,79.7
Dec-01,14657.585,211.485,14.561,188.579,7418.123,105.881,3286.761,1685.15,1689.58857,38.779,18.67743,1054.528,0,1054.528,1627.98377,52.57,60.71,54.51,11.07,23.218,225.088,449.325,199.905,14.208,3.763,6.362,169.916,31.954,22.369,224.239,448.477,3.9,7.3,98,6.35,68.1,3.69,20.7,3.15,83
Nov-01,13419.388,143.407,15.158,175.514,7011.475,66.371,3067.781,1357.031,1610.57418,-44.335,16.41182,1022.454,0,1022.454,1628.900817,59.8,70.4,61.64,11.16,22.961,219.773,401.768,159.262,13.805,4.068,4.861,166.005,30.807,22.206,219.018,401.014,4.02,7.98,98,6.79,65,3.88,20.2,3.33,83
Oct-01,15929.26,137.018,15.356,202.481,8942.997,66.816,2960.685,1819.154,1759.08435,8.798,16.87065,1022.336,0,1022.336,1629.817864,67.77,82.61,59.15,12.74,22.657,227.319,409.915,157.418,13.913,4.994,6.27,174.181,30.481,25.014,229.675,412.271,3.37,8.24,98,6.39,60.1,3.18,20.3,2.78,83
Sep-01,16852.629,182.546,15.854,153.127,9412.643,78.93,3163.653,2028.142,1843.36061,-41.528,15.90139,1020.036,0,1020.036,1630.73491,73.05,89.63,56.45,13.13,21.008,214.229,396.465,157.641,13.617,5.913,5.066,163.666,29.555,20.372,213.593,395.829,3.66,10.17,98,6.96,54,3.5,19.8,3.03,83
Aug-01,20307.443,226.382,19.504,167.782,11506.271,102.434,3280.143,2809.357,2040.64779,135.796,19.12621,1037.345,-0.029,1037.374,1631.651957,75.85,92.65,50.92,13.12,21.283,225.897,447.898,195.436,13.97,6.63,5.964,173.357,31.258,18.938,223.552,445.553,4.32,10.89,98,7.61,53.9,3.99,19.6,3.65,83
Jul-01,19794.556,223.656,47.045,193.178,10845.767,107.268,3294.607,3002.483,2063.53758,-0.665,17.67942,1048.478,-0.031,1048.509,1632.569004,71.29,88.23,61.81,13.47,21.023,221.842,436.062,186.812,14.087,6.76,6.561,169.421,31.398,23.398,224.217,438.437,4.03,11.22,98,7.9,54.6,4.1,20.2,3.85,83
Jun-01,18071.777,215.798,55.434,169.982,9350.107,99.957,3100.798,3053.895,1982.97542,24.596,18.23458,960.209,-0.03,960.239,1633.48605,72.16,86.67,56.36,11.34,20.044,213.95,454.612,214.179,13.088,6.476,6.919,163.772,30.134,16.692,210.598,451.259,5.38,11.58,98,8.5,59.6,4.75,19.2,4.37,83
May-01,16874.504,200.475,103.191,168.005,9698.874,108.042,1667.926,3045.222,1831.96794,34.607,16.19406,960.339,-0.031,960.37,1634.403097,66.45,81.29,72.58,9.82,20.222,211.506,435.512,198.142,12.98,6.322,6.562,161.457,29.828,19.576,210.861,434.866,5.77,11.14,98,9.19,61,5.46,19.5,5.29,83
Apr-01,15841.018,205.59,90.016,162.202,9208.768,92.264,2318.671,2096.459,1797.4936,-143.867,13.4214,966.038,-0.038,966.076,1635.320144,54.87,65.57,72.8,9.88,19.537,213.628,425.362,186.128,13.162,5.368,7.075,163.973,30.118,18.71,212.8,424.534,6.3,10.16,98,9.01,66.5,6.08,21,5.82,83
Mar-01,15848.633,102.496,119.553,163.725,9474.176,103.127,2468.625,1764.772,1788.32478,-152.658,16.49222,1052.634,-0.04,1052.674,1636.23719,56.12,67.1,77.43,9.89,21.192,219.649,455.777,211.591,14.206,4.833,5.498,168.14,30.317,21.55,220.006,456.134,6.1,9.85,98,9.14,69.2,6.3,22,5.91,83
Feb-01,14380.392,184.141,175.649,179.294,8870.575,101.84,2229.872,1290.013,1504.66303,-172.957,17.30197,951.164,-0.045,951.209,1637.154237,50.04,57.29,71.37,9.63,19.67,202.849,404.066,180.547,12.812,3.401,4.456,155.969,27.21,20.084,203.263,404.48,7.08,10.26,98,9.8,71.8,7.21,23.2,7.18,83
Jan-01,16618.887,199.857,263.922,195.781,10192.494,97.569,2379.998,1590.096,1717.39841,-36.255,18.02659,1085.733,-0.045,1085.778,1638.071284,52.22,60.48,51.45,8.71,21.638,228.434,444.968,194.798,14.612,3.102,4.022,175.982,30.814,23.739,230.534,447.068,8.91,10.12,98,9.5,72.9,8.84,23.5,9.55,83
